,,,,,,,,,,,,,,,,,,,,,,,,,,,,,,,,,,,,,,,,,,,,,,Average ret.,,,,,,,,,,,,,,,,,,,,#DIV/0!,Average ret.,,,,,
,,,,,,,,,,,,,,,,,,,,,,,,,,,,,,,,,,,,,,,,,,,,,,Std,,,,,,,,,,,,,,,,,,,,,Std,,,,,
,,,,,,,,,,,,,,,,,,,,,,,,,,,,,,,,,,,,,,,,,,,,,,SR,,,,,,,,,,,,,,,,,,,,,SR,,,,,
,,,,,,,,,,,,,,,,,,,,,,,,,,,,,,,,,,,,,,,,,,,,,,Skew,,,,,,,,,,,,,,,,,,,,,Skew,,,,,
,,,,,,,,,,,,,,,,,,,,,,,,,,,,,,,,,,,,,,,,,,,,,,Kurt,,,,,,,,,,,Proportional transaction costs,,,,,,,,,,Kurt,,,,,
,,,,,,,,,,,,,,,,,,,,,,,,,,,,,,,,,,,,,,,,,,,,,,,,,,,,,,,,,0.0600%,0.0200%,0.0400%,0.0200%,0.0700%,0.0600%,0.0300%,0.0200%,0.0000%,,,,,,,
,,,,,,,,,,,,,,,,,,,,,,,,,,,,,,,,,,,,,,,,,,,,,,,,,,,,,,,,,,,,,,,,,,,,,,,,
,"Excess return of investment 1USD in foreign currency, over the US risk free rate (not annualized) for a 1-month investment period ENDING on Date",,,,,,,,,Annualized interest rate as of Date,,,,,,,,,Carry rank,,,,,,,,,Positions,,,,,,,,,"Excess return on each position (i.e., position times excess return in columns B-J) NB: use the position at the RIGHT time, that is, position based on interest-rate known BEFORE the return period starts",,,,,,,,,,Excess return of portfolio,Trade sizes,,,,,,,,,Transaction costs,,,,,,,,,Total transaction cost,,"Excess return of portfolio, net of TC","Return of portfolio, incl. US riskfree, net of TC","Cumulative return of portfolio, net of TC",High water mark,Drawdown
Date,Australia,Germany/ Euro,Canada,Japan,New Zealand,Sweden,Switzerland,UK,US,Australia,Germany /Euro,Canada,Japan,New Zealand,Sweden,Switzerland,UK,US,Australia,Germany/ Euro,Canada,Japan,New Zealand,Sweden,Switzerland,UK,US,Australia,Germany/ Euro,Canada,Japan,New Zealand,Sweden,Switzerland,UK,US,Australia,Germany/ Euro,Canada,Japan,New Zealand,Sweden,Switzerland,UK,US,,Portfolio,Australia,Germany/ Euro,Canada,Japan,New Zealand,Sweden,Switzerland,UK,US,Australia,Germany/ Euro,Canada,Japan,New Zealand,Sweden,Switzerland,UK,US,Portfolio,,Portfolio,,,,
12/31/1979,,,,,,,,,,10.05%,8.69%,13.88%,8.13%,11.67%,10.53%,5.81%,17.13%,14.68%,,,,,,,,,,,,,,,,,,,,,,,,,,,,,,,,,,,,,,,,,,,,,,,,,,,,1,,
1/31/1980,-0.04%,-1.24%,0.57%,-0.21%,-0.14%,-0.67%,-2.59%,2.40%,0.00%,10.15%,8.50%,14.13%,8.25%,12.06%,10.05%,5.44%,17.88%,14.50%,,,,,,,,,,,,,,,,,,,,,,,,,,,,,,,,,,,,,,,,,,,,,,,,,,,1.22%,1.01,,
2/29/1980,-1.19%,-2.40%,1.25%,-5.01%,-1.58%,-1.42%,-4.60%,0.71%,0.00%,10.05%,9.25%,14.13%,9.44%,12.08%,11.08%,5.75%,18.38%,17.25%,,,,,,,,,,,,,,,,,,,,,,,,,,,,,,,,,,,,,,,,,,,,,,,,,,,1.21%,1.02,,
3/31/1980,-1.94%,-9.65%,-4.50%,-0.51%,-3.53%,-6.50%,-9.34%,-4.93%,0.00%,12.98%,10.25%,15.63%,12.19%,12.18%,10.19%,7.13%,18.75%,19.87%,,,,,,,,,,,,,,,,,,,,,,,,,,,,,,,,,,,,,,,,,,,,,,,,,,,1.44%,1.04,,
4/30/1980,2.63%,7.42%,0.52%,4.32%,2.28%,5.50%,9.62%,4.53%,0.00%,13.13%,9.38%,15.25%,12.38%,12.09%,9.98%,6.13%,17.31%,14.18%,,,,,,,,,,,,,,,,,,,,,,,,,,,,,,,,,,,,,,,,,,,,,,,,,,,1.66%,1.06,,
5/30/1980,2.62%,0.73%,2.47%,6.50%,2.12%,0.36%,-0.04%,3.27%,0.00%,13.93%,9.19%,11.38%,12.69%,12.06%,10.60%,5.50%,17.13%,10.25%,,,,,,,,,,,,,,,,,,,,,,,,,,,,,,,,,,,,,,,,,,,,,,,,,,,1.18%,1.07,,
6/30/1980,1.66%,1.62%,1.08%,3.11%,0.25%,1.42%,2.51%,1.93%,0.00%,14.15%,9.50%,11.88%,12.63%,12.11%,11.21%,5.75%,17.19%,9.87%,,,,,,,,,,,,,,,,,,,,,,,,,,,,,,,,,,,,,,,,,,,,,,,,,,,0.85%,1.08,,
7/31/1980,-0.25%,-1.60%,-1.40%,-3.88%,-1.16%,-0.28%,-2.55%,-0.25%,0.00%,12.70%,8.44%,10.75%,12.75%,12.03%,10.53%,5.44%,16.00%,9.81%,,,,,,,,,,,,,,,,,,,,,,,,,,,,,,,,,,,,,,,,,,,,,,,,,,,0.82%,1.09,,
8/29/1980,1.26%,-0.54%,0.93%,4.05%,0.87%,-0.24%,-0.12%,2.42%,0.00%,12.18%,8.69%,10.88%,11.44%,11.90%,10.74%,6.06%,16.81%,12.31%,,,,,,,,,,,,,,,,,,,,,,,,,,,,,,,,,,,,,,,,,,,,,,,,,,,0.82%,1.10,,
9/30/1980,0.49%,-1.39%,-1.42%,3.89%,-0.11%,0.05%,-0.53%,0.24%,0.00%,11.38%,8.88%,11.88%,11.44%,11.67%,10.67%,5.94%,16.00%,14.12%,,,,,,,,,,,,,,,,,,,,,,,,,,,,,,,,,,,,,,,,,,,,,,,,,,,1.03%,1.11,,
10/31/1980,-0.02%,-5.50%,0.51%,-0.67%,-0.55%,-2.42%,-4.56%,2.21%,0.00%,11.20%,9.13%,12.88%,10.88%,11.65%,11.21%,5.44%,17.00%,15.25%,,,,,,,,,,,,,,,,,,,,,,,,,,,,,,,,,,,,,,,,,,,,,,,,,,,1.18%,1.12,,
11/28/1980,-1.04%,-1.36%,-2.11%,-2.68%,-2.21%,-1.94%,-2.00%,-3.17%,0.00%,11.80%,9.75%,14.13%,9.38%,11.65%,10.80%,6.31%,14.69%,18.12%,,,,,,,,,,,,,,,,,,,,,,,,,,,,,,,,,,,,,,,,,,,,,,,,,,,1.27%,1.13,,
12/31/1980,0.82%,-3.05%,-0.28%,5.63%,-0.25%,-1.96%,-2.80%,0.86%,0.00%,12.55%,9.19%,17.25%,9.44%,11.69%,10.67%,5.56%,14.94%,17.75%,,,,,,,,,,,,,,,,,,,,,,,,,,,,,,,,,,,,,,,,,,,,,,,,,,,1.51%,1.15,,
1/30/1981,-1.40%,-7.58%,-0.86%,-1.79%,-1.98%,-4.83%,-8.67%,-0.37%,0.00%,12.85%,9.50%,17.38%,8.81%,11.52%,11.44%,6.44%,13.75%,17.62%,,,,,,,,,,,,,,,,,,,,,,,,,,,,,,,,,,,,,,,,,,,,,,,,,,,1.48%,1.17,,
2/27/1981,-1.36%,-1.20%,-0.39%,-2.10%,-3.22%,-1.83%,-3.15%,-7.72%,0.00%,13.75%,14.06%,17.13%,8.56%,11.66%,13.85%,9.56%,12.69%,16.75%,,,,,,,,,,,,,,,,,,,,,,,,,,,,,,,,,,,,,,,,,,,,,,,,,,,1.47%,1.19,,
3/31/1981,0.88%,1.13%,1.40%,-1.74%,-0.69%,0.99%,2.14%,1.38%,0.00%,15.38%,12.63%,16.88%,7.56%,11.58%,12.73%,7.75%,12.63%,14.87%,,,,,,,,,,,,,,,,,,,,,,,,,,,,,,,,,,,,,,,,,,,,,,,,,,,1.40%,1.20,,
4/30/1981,-1.43%,-5.43%,-0.88%,-2.37%,-2.50%,-3.80%,-5.99%,-5.57%,0.00%,16.70%,12.63%,17.63%,7.19%,11.56%,12.83%,9.31%,12.56%,16.93%,,,,,,,,,,,,,,,,,,,,,,,,,,,,,,,,,,,,,,,,,,,,,,,,,,,1.24%,1.22,,
5/29/1981,-1.27%,-5.08%,-0.39%,-4.83%,-3.26%,-4.25%,-2.87%,-3.24%,0.00%,15.05%,12.81%,18.63%,7.00%,11.56%,12.62%,9.94%,12.56%,17.87%,,,,,,,,,,,,,,,,,,,,,,,,,,,,,,,,,,,,,,,,,,,,,,,,,,,1.41%,1.23,,
6/30/1981,0.72%,-3.27%,0.21%,-1.95%,-3.08%,-3.29%,1.31%,-6.49%,0.00%,16.05%,12.44%,19.25%,7.19%,11.60%,12.81%,9.75%,12.75%,17.87%,,,,,,,,,,,,,,,,,,,,,,,,,,,,,,,,,,,,,,,,,,,,,,,,,,,1.49%,1.25,,
7/31/1981,-1.30%,-3.42%,-2.59%,-6.39%,-3.37%,-3.29%,-5.45%,-4.77%,0.00%,15.78%,12.50%,21.00%,7.31%,11.60%,11.84%,9.25%,14.69%,18.50%,,,,,,,,,,,,,,,,,,,,,,,,,,,,,,,,,,,,,,,,,,,,,,,,,,,1.49%,1.27,,
8/31/1981,0.74%,0.08%,2.83%,3.26%,-0.75%,-0.24%,-1.19%,-1.17%,0.00%,15.58%,12.63%,22.25%,7.19%,11.71%,11.76%,9.19%,14.13%,18.50%,,,,,,,,,,,,,,,,,,,,,,,,,,,,,,,,,,,,,,,,,,,,,,,,,,,1.54%,1.29,,
9/30/1981,-0.71%,4.83%,0.03%,-1.94%,-1.05%,-7.39%,7.50%,-2.36%,0.00%,15.15%,12.31%,20.13%,7.13%,11.49%,10.94%,11.38%,17.06%,17.87%,,,,,,,,,,,,,,,,,,,,,,,,,,,,,,,,,,,,,,,,,,,,,,,,,,,1.54%,1.31,,
10/30/1981,-0.59%,3.06%,0.15%,-0.91%,0.36%,0.34%,7.24%,1.82%,0.00%,14.63%,11.50%,19.13%,7.00%,11.32%,11.03%,10.69%,16.56%,15.81%,,,,,,,,,,,,,,,,,,,,,,,,,,,,,,,,,,,,,,,,,,,,,,,,,,,1.49%,1.33,,
11/30/1981,1.39%,1.75%,2.68%,8.08%,1.55%,2.34%,3.90%,6.78%,0.00%,14.78%,10.44%,15.75%,6.88%,11.62%,11.74%,9.56%,15.13%,12.12%,,,,,,,,,,,,,,,,,,,,,,,,,,,,,,,,,,,,,,,,,,,,,,,,,,,1.32%,1.35,,
12/31/1981,-1.96%,-1.91%,-0.77%,-2.96%,-2.28%,-2.03%,-1.96%,-2.98%,0.00%,15.63%,10.56%,15.75%,6.56%,11.31%,11.86%,9.19%,15.94%,13.87%,,,,,,,,,,,,,,,,,,,,,,,,,,,,,,,,,,,,,,,,,,,,,,,,,,,1.01%,1.36,,
1/29/1982,-3.07%,-3.16%,-0.54%,-4.31%,-2.40%,-2.47%,-2.89%,-0.77%,0.00%,16.80%,10.19%,15.13%,6.63%,11.50%,10.30%,8.50%,14.56%,14.62%,,,,,,,,,,,,,,,,,,,,,,,,,,,,,,,,,,,,,,,,,,,,,,,,,,,1.16%,1.38,,
2/26/1982,-1.66%,-3.44%,-2.67%,-4.25%,-2.92%,-2.73%,-3.12%,-3.44%,0.00%,17.15%,10.06%,15.63%,6.63%,11.72%,11.39%,7.75%,14.13%,15.06%,,,,,,,,,,,,,,,,,,,,,,,,,,,,,,,,,,,,,,,,,,,,,,,,,,,1.22%,1.39,,
3/31/1982,-1.87%,-1.65%,-0.19%,-5.09%,-2.80%,-2.91%,-2.86%,-2.29%,0.00%,20.10%,9.25%,16.63%,6.63%,11.67%,11.89%,5.31%,13.69%,15.43%,,,,,,,,,,,,,,,,,,,,,,,,,,,,,,,,,,,,,,,,,,,,,,,,,,,1.26%,1.41,,
4/30/1982,1.63%,3.19%,1.11%,4.90%,0.80%,2.18%,-1.61%,0.91%,0.00%,21.50%,8.63%,15.88%,7.13%,11.62%,11.55%,4.44%,13.81%,15.06%,,,,,,,,,,,,,,,,,,,,,,,,,,,,,,,,,,,,,,,,,,,,,,,,,,,1.29%,1.43,,
5/31/1982,-0.88%,-1.28%,-1.87%,-4.22%,-1.78%,-1.01%,-3.34%,-0.60%,0.00%,17.53%,8.69%,16.25%,7.19%,11.66%,11.89%,4.31%,13.50%,14.50%,,,,,,,,,,,,,,,,,,,,,,,,,,,,,,,,,,,,,,,,,,,,,,,,,,,1.26%,1.45,,
6/30/1982,-2.57%,-4.72%,-3.81%,-4.79%,-2.52%,-4.34%,-5.19%,-2.94%,0.00%,18.85%,9.19%,17.25%,7.19%,11.69%,12.09%,4.88%,13.19%,15.93%,,,,,,,,,,,,,,,,,,,,,,,,,,,,,,,,,,,,,,,,,,,,,,,,,,,1.21%,1.47,,
7/30/1982,-2.64%,-0.63%,2.97%,-1.54%,-1.14%,0.08%,-0.48%,-0.24%,0.00%,16.65%,8.88%,15.88%,7.19%,11.66%,11.89%,4.25%,12.00%,13.18%,,,,,,,,,,,,,,,,,,,,,,,,,,,,,,,,,,,,,,,,,,,,,,,,,,,1.33%,1.48,,
8/31/1982,-2.39%,-2.06%,1.63%,-1.72%,-1.05%,-1.32%,-2.70%,-1.50%,0.00%,16.88%,8.38%,14.50%,7.19%,11.45%,12.07%,4.00%,11.00%,11.56%,,,,,,,,,,,,,,,,,,,,,,,,,,,,,,,,,,,,,,,,,,,,,,,,,,,1.10%,1.50,,
9/30/1982,-1.40%,-1.43%,0.61%,-3.44%,-1.73%,-1.85%,-2.46%,-1.36%,0.00%,13.30%,7.81%,13.25%,7.94%,11.64%,12.76%,4.44%,10.63%,11.56%,,,,,,,,,,,,,,,,,,,,,,,,,,,,,,,,,,,,,,,,,,,,,,,,,,,0.96%,1.52,,
10/29/1982,-1.12%,-1.58%,0.85%,-3.52%,-1.45%,-15.68%,-2.38%,-1.12%,0.00%,15.85%,7.13%,11.88%,6.88%,11.54%,12.11%,3.63%,9.69%,10.06%,,,,,,,,,,,,,,,,,,,,,,,,,,,,,,,,,,,,,,,,,,,,,,,,,,,0.96%,1.53,,
11/30/1982,2.51%,3.10%,-1.08%,9.80%,1.53%,0.55%,3.26%,-3.71%,0.00%,14.18%,7.19%,11.50%,6.63%,11.65%,10.24%,3.69%,10.50%,10.00%,,,,,,,,,,,,,,,,,,,,,,,,,,,,,,,,,,,,,,,,,,,,,,,,,,,0.84%,1.54,,
12/31/1982,2.68%,3.88%,0.83%,7.15%,2.29%,1.63%,6.29%,0.08%,0.00%,9.55%,6.00%,10.50%,6.75%,11.55%,8.64%,3.25%,10.63%,9.31%,,,,,,,,,,,,,,,,,,,,,,,,,,,,,,,,,,,,,,,,,,,,,,,,,,,0.83%,1.56,,
1/31/1983,-0.97%,-3.33%,-0.12%,-2.10%,-1.98%,-2.40%,-1.06%,-5.42%,0.00%,11.08%,5.88%,10.50%,6.81%,11.49%,6.92%,2.94%,11.69%,9.37%,,,,,,,,,,,,,,,,,,,,,,,,,,,,,,,,,,,,,,,,,,,,,,,,,,,0.78%,1.57,,
2/28/1983,-1.26%,0.67%,0.61%,0.57%,0.39%,-0.08%,-3.07%,-0.34%,0.00%,16.80%,5.38%,9.63%,6.50%,11.65%,9.91%,3.13%,11.44%,8.87%,,,,,,,,,,,,,,,,,,,,,,,,,,,,,,,,,,,,,,,,,,,,,,,,,,,0.78%,1.58,,
3/31/1983,-9.09%,0.03%,-0.41%,-0.64%,-8.90%,-0.64%,-1.52%,-2.19%,0.00%,16.00%,5.00%,9.50%,6.38%,11.42%,10.02%,3.94%,10.88%,9.75%,,,,,,,,,,,,,,,,,,,,,,,,,,,,,,,,,,,,,,,,,,,,,,,,,,,0.74%,1.59,,
4/29/1983,0.73%,-1.68%,0.73%,0.29%,1.38%,0.42%,0.68%,5.38%,0.00%,12.55%,5.06%,9.38%,6.25%,12.50%,9.84%,4.44%,10.31%,9.00%,,,,,,,,,,,,,,,,,,,,,,,,,,,,,,,,,,,,,,,,,,,,,,,,,,,0.81%,1.60,,
5/31/1983,1.95%,-2.92%,-0.53%,-0.93%,0.61%,-0.42%,-2.03%,2.88%,0.00%,13.08%,5.38%,9.81%,6.13%,12.53%,9.84%,4.75%,10.44%,9.56%,,,,,,,,,,,,,,,,,,,,,,,,,,,,,,,,,,,,,,,,,,,,,,,,,,,0.75%,1.62,,
6/30/1983,-0.42%,-0.89%,0.33%,-0.32%,-1.29%,-1.27%,-0.55%,-4.38%,0.00%,13.25%,5.63%,9.44%,6.25%,12.53%,9.84%,4.69%,9.75%,9.81%,,,,,,,,,,,,,,,,,,,,,,,,,,,,,,,,,,,,,,,,,,,,,,,,,,,0.80%,1.63,,
7/29/1983,0.81%,-4.37%,-0.46%,-1.34%,0.06%,-1.66%,-1.74%,-0.73%,0.00%,11.95%,5.13%,9.50%,6.50%,12.56%,9.83%,4.81%,10.00%,10.31%,,,,,,,,,,,,,,,,,,,,,,,,,,,,,,,,,,,,,,,,,,,,,,,,,,,0.82%,1.64,,
8/31/1983,-0.14%,-2.70%,-0.19%,-2.47%,-0.19%,-2.51%,-3.51%,-2.09%,0.00%,12.05%,6.06%,9.50%,6.44%,9.42%,9.21%,4.56%,9.88%,10.37%,,,,,,,,,,,,,,,,,,,,,,,,,,,,,,,,,,,,,,,,,,,,,,,,,,,0.86%,1.66,,
9/30/1983,2.31%,2.38%,0.13%,4.51%,1.18%,1.73%,2.85%,0.19%,0.00%,10.93%,5.88%,9.31%,6.75%,9.17%,10.06%,4.19%,9.69%,9.62%,,,,,,,,,,,,,,,,,,,,,,,,,,,,,,,,,,,,,,,,,,,,,,,,,,,0.86%,1.67,,
10/31/1983,2.00%,-0.27%,-0.07%,0.49%,0.57%,-0.22%,-1.34%,-0.12%,0.00%,10.68%,5.94%,9.38%,6.19%,9.57%,10.53%,4.19%,9.38%,9.75%,,,,,,,,,,,,,,,,,,,,,,,,,,,,,,,,,,,,,,,,,,,,,,,,,,,0.80%,1.68,,
11/30/1983,0.24%,-2.59%,-0.47%,0.54%,-0.44%,-1.50%,-1.24%,-1.79%,0.00%,10.23%,6.25%,9.56%,6.00%,9.61%,10.53%,4.06%,9.31%,9.87%,,,,,,,,,,,,,,,,,,,,,,,,,,,,,,,,,,,,,,,,,,,,,,,,,,,0.81%,1.70,,
12/30/1983,-1.97%,-1.46%,0.13%,-0.11%,-0.95%,-0.73%,-1.42%,-1.26%,0.00%,9.28%,6.00%,10.00%,6.44%,9.50%,10.20%,3.75%,9.44%,9.93%,,,,,,,,,,,,,,,,,,,,,,,,,,,,,,,,,,,,,,,,,,,,,,,,,,,0.82%,1.71,,
1/31/1984,2.17%,-3.50%,-1.03%,-1.61%,-0.69%,-2.17%,-3.38%,-3.23%,0.00%,10.80%,5.94%,9.88%,6.19%,9.81%,10.19%,3.53%,9.44%,9.81%,,,,,,,,,,,,,,,,,,,,,,,,,,,,,,,,,,,,,,,,,,,,,,,,,,,0.83%,1.73,,
2/29/1984,1.90%,8.21%,-0.23%,0.26%,2.69%,5.57%,3.17%,6.20%,0.00%,13.00%,5.88%,10.19%,5.81%,10.24%,9.68%,3.69%,9.28%,10.25%,,,,,,,,,,,,,,,,,,,,,,,,,,,,,,,,,,,,,,,,,,,,,,,,,,,0.82%,1.74,,
3/30/1984,0.46%,-0.14%,-2.08%,3.88%,-0.37%,0.40%,0.16%,-3.35%,0.00%,13.90%,5.69%,10.56%,6.56%,9.43%,9.09%,3.63%,9.00%,10.75%,,,,,,,,,,,,,,,,,,,,,,,,,,,,,,,,,,,,,,,,,,,,,,,,,,,0.85%,1.76,,
4/30/1984,-1.61%,-5.21%,-0.41%,-1.70%,-1.68%,-3.49%,-4.79%,-3.37%,0.00%,14.28%,5.69%,10.69%,5.88%,8.12%,8.91%,3.69%,9.00%,11.06%,,,,,,,,,,,,,,,,,,,,,,,,,,,,,,,,,,,,,,,,,,,,,,,,,,,0.90%,1.77,,
5/31/1984,-2.09%,-1.00%,-0.94%,-2.51%,-1.43%,-1.31%,-1.30%,-0.86%,0.00%,13.63%,6.38%,11.56%,6.00%,7.69%,9.97%,4.13%,10.00%,11.87%,,,,,,,,,,,,,,,,,,,,,,,,,,,,,,,,,,,,,,,,,,,,,,,,,,,0.92%,1.79,,
6/29/1984,-3.63%,-2.03%,-1.79%,-2.61%,-2.34%,-1.49%,-3.36%,-2.31%,0.00%,12.50%,6.00%,12.44%,6.31%,9.11%,10.26%,4.44%,9.56%,12.25%,,,,,,,,,,,,,,,,,,,,,,,,,,,,,,,,,,,,,,,,,,,,,,,,,,,0.99%,1.81,,
7/31/1984,-3.60%,-4.39%,0.53%,-3.54%,-22.42%,-2.55%,-6.12%,-3.61%,0.00%,12.33%,5.81%,12.94%,6.38%,9.28%,11.54%,4.94%,12.44%,11.88%,,,,,,,,,,,,,,,,,,,,,,,,,,,,,,,,,,,,,,,,,,,,,,,,,,,1.02%,1.82,,
8/31/1984,1.67%,-0.50%,1.20%,0.62%,0.87%,0.78%,1.57%,-0.05%,0.00%,10.90%,5.63%,12.38%,6.44%,13.40%,11.52%,4.81%,10.81%,12.00%,,,,,,,,,,,,,,,,,,,,,,,,,,,,,,,,,,,,,,,,,,,,,,,,,,,0.99%,1.84,,
9/28/1984,-1.93%,-5.62%,-1.51%,-2.06%,-2.36%,-3.43%,-4.75%,-5.03%,0.00%,11.20%,5.88%,12.19%,6.38%,13.63%,11.54%,4.31%,10.81%,11.50%,,,,,,,,,,,,,,,,,,,,,,,,,,,,,,,,,,,,,,,,,,,,,,,,,,,1.00%,1.86,,
10/31/1984,1.96%,-0.16%,0.00%,-0.41%,0.72%,-0.59%,0.24%,-2.37%,0.00%,11.20%,5.94%,11.63%,6.38%,14.72%,10.91%,5.13%,10.63%,10.06%,,,,,,,,,,,,,,,,,,,,,,,,,,,,,,,,,,,,,,,,,,,,,,,,,,,0.96%,1.88,,
11/30/1984,1.19%,-2.15%,-0.18%,-0.86%,-0.60%,-1.51%,-2.25%,-1.21%,0.00%,11.78%,5.69%,10.75%,6.44%,14.69%,10.28%,5.00%,9.81%,9.31%,,,,,,,,,,,,,,,,,,,,,,,,,,,,,,,,,,,,,,,,,,,,,,,,,,,0.84%,1.89,,
12/31/1984,-3.58%,-1.97%,0.35%,-1.73%,-1.34%,-1.75%,-2.27%,-3.37%,0.00%,13.00%,5.63%,10.13%,6.25%,14.93%,10.45%,4.75%,10.06%,8.75%,,,,,,,,,,,,,,,,,,,,,,,,,,,,,,,,,,,,,,,,,,,,,,,,,,,0.78%,1.91,,
1/31/1985,-0.95%,-0.87%,-0.52%,-1.71%,-0.73%,-0.60%,-3.26%,-2.46%,0.00%,13.18%,6.06%,9.75%,6.38%,15.08%,9.54%,5.44%,12.63%,8.81%,,,,,,,,,,,,,,,,,,,,,,,,,,,,,,,,,,,,,,,,,,,,,,,,,,,0.73%,1.92,,
2/28/1985,-11.45%,-5.10%,-3.96%,-1.82%,-5.68%,-4.26%,-6.08%,-3.66%,0.00%,14.48%,6.19%,11.44%,6.44%,15.29%,11.55%,5.88%,14.00%,9.50%,,,,,,,,,,,,,,,,,,,,,,,,,,,,,,,,,,,,,,,,,,,,,,,,,,,0.73%,1.94,,
3/29/1985,-2.17%,7.57%,1.26%,2.86%,5.44%,5.92%,8.54%,14.05%,0.00%,15.50%,6.00%,10.88%,6.38%,15.41%,11.55%,5.63%,13.25%,9.13%,,,,,,,,,,,,,,,,,,,,,,,,,,,,,,,,,,,,,,,,,,,,,,,,,,,0.79%,1.95,,
4/30/1985,-7.62%,-0.24%,0.25%,-0.29%,-2.03%,-0.51%,0.34%,1.39%,0.00%,16.03%,5.94%,10.00%,6.38%,15.77%,11.55%,5.25%,12.75%,8.69%,,,,,,,,,,,,,,,,,,,,,,,,,,,,,,,,,,,,,,,,,,,,,,,,,,,0.76%,1.97,,
5/31/1985,2.77%,-0.12%,-0.60%,-0.27%,0.50%,1.11%,-0.63%,2.75%,0.00%,15.35%,5.63%,10.31%,6.38%,17.09%,12.48%,5.25%,12.56%,7.63%,,,,,,,,,,,,,,,,,,,,,,,,,,,,,,,,,,,,,,,,,,,,,,,,,,,0.72%,1.98,,
6/28/1985,2.10%,1.75%,1.30%,1.32%,8.11%,2.07%,2.39%,3.11%,0.00%,15.90%,5.56%,9.63%,6.38%,15.27%,13.21%,5.31%,12.63%,7.88%,,,,,,,,,,,,,,,,,,,,,,,,,,,,,,,,,,,,,,,,,,,,,,,,,,,0.64%,1.99,,
7/31/1985,9.15%,8.32%,2.24%,4.98%,7.83%,6.29%,10.90%,9.37%,0.00%,15.33%,4.94%,9.19%,6.38%,15.69%,12.81%,4.63%,11.31%,8.31%,,,,,,,,,,,,,,,,,,,,,,,,,,,,,,,,,,,,,,,,,,,,,,,,,,,0.66%,2.01,,
8/30/1985,-2.40%,-0.20%,-2.18%,-0.43%,4.83%,0.36%,-0.33%,-1.65%,0.00%,17.05%,4.69%,9.06%,6.44%,15.65%,12.55%,4.69%,11.75%,8.19%,,,,,,,,,,,,,,,,,,,,,,,,,,,,,,,,,,,,,,,,,,,,,,,,,,,0.69%,2.02,,
9/30/1985,0.88%,4.14%,-0.44%,9.49%,2.45%,3.16%,4.27%,0.81%,0.00%,16.53%,4.63%,8.94%,6.44%,16.08%,12.55%,4.63%,11.63%,8.19%,,,,,,,,,,,,,,,,,,,,,,,,,,,,,,,,,,,,,,,,,,,,,,,,,,,0.68%,2.03,,
10/31/1985,-0.02%,2.10%,0.32%,2.46%,5.13%,2.98%,1.98%,2.96%,0.00%,16.53%,4.75%,8.63%,7.88%,15.88%,12.40%,4.56%,11.63%,8.13%,,,,,,,,,,,,,,,,,,,,,,,,,,,,,,,,,,,,,,,,,,,,,,,,,,,0.68%,2.05,,
11/29/1985,-1.56%,3.62%,-0.92%,4.47%,0.38%,3.19%,2.54%,3.15%,0.00%,18.48%,4.81%,9.13%,7.81%,15.00%,11.54%,4.13%,11.63%,8.19%,,,,,,,,,,,,,,,,,,,,,,,,,,,,,,,,,,,,,,,,,,,,,,,,,,,0.68%,2.06,,
12/31/1985,0.41%,1.90%,-1.27%,0.59%,-12.50%,1.05%,0.15%,-2.62%,0.00%,19.55%,4.88%,9.25%,6.69%,15.00%,10.90%,4.13%,11.94%,8.00%,,,,,,,,,,,,,,,,,,,,,,,,,,,,,,,,,,,,,,,,,,,,,,,,,,,0.68%,2.08,,
1/31/1986,5.82%,2.71%,-1.77%,3.88%,7.49%,1.06%,1.74%,-1.70%,0.00%,18.08%,4.69%,10.94%,6.19%,16.40%,11.21%,4.19%,12.94%,8.06%,,,,,,,,,,,,,,,,,,,,,,,,,,,,,,,,,,,,,,,,,,,,,,,,,,,0.67%,2.09,,
2/28/1986,-1.44%,7.58%,0.11%,7.23%,-2.54%,5.41%,7.97%,3.74%,0.00%,17.23%,4.56%,11.94%,5.94%,16.05%,9.91%,3.88%,12.44%,7.88%,,,,,,,,,,,,,,,,,,,,,,,,,,,,,,,,,,,,,,,,,,,,,,,,,,,0.67%,2.10,,
3/31/1986,2.89%,-5.65%,2.56%,1.03%,3.93%,-2.49%,-4.05%,0.91%,0.00%,16.25%,4.56%,10.69%,5.13%,16.51%,9.72%,4.13%,11.44%,7.38%,,,,,,,,,,,,,,,,,,,,,,,,,,,,,,,,,,,,,,,,,,,,,,,,,,,0.66%,2.12,,
4/30/1986,4.23%,7.72%,1.56%,5.91%,10.25%,4.80%,6.75%,5.75%,0.00%,15.98%,4.63%,8.94%,4.88%,18.87%,10.29%,4.25%,10.50%,6.88%,,,,,,,,,,,,,,,,,,,,,,,,,,,,,,,,,,,,,,,,,,,,,,,,,,,0.61%,2.13,,
5/30/1986,-2.74%,-6.73%,0.12%,-3.97%,-3.03%,-4.43%,-5.74%,-4.75%,0.00%,14.53%,4.69%,8.69%,4.88%,15.25%,10.05%,4.81%,9.94%,7.13%,,,,,,,,,,,,,,,,,,,,,,,,,,,,,,,,,,,,,,,,,,,,,,,,,,,0.57%,2.14,,
6/30/1986,-5.59%,5.49%,-0.59%,6.13%,-2.19%,3.88%,7.16%,4.45%,0.00%,14.80%,4.63%,8.56%,4.75%,18.87%,9.05%,5.19%,9.88%,6.88%,,,,,,,,,,,,,,,,,,,,,,,,,,,,,,,,,,,,,,,,,,,,,,,,,,,0.59%,2.16,,
7/31/1986,-10.95%,4.87%,0.62%,6.43%,-4.26%,2.24%,6.89%,-2.62%,0.00%,15.45%,4.69%,8.56%,4.81%,16.00%,8.82%,4.75%,10.00%,6.50%,,,,,,,,,,,,,,,,,,,,,,,,,,,,,,,,,,,,,,,,,,,,,,,,,,,0.57%,2.17,,
8/29/1986,2.99%,2.78%,-0.67%,-0.46%,-5.88%,1.48%,2.21%,0.11%,0.00%,18.40%,4.44%,8.38%,4.81%,15.50%,8.79%,4.25%,9.94%,5.56%,,,,,,,,,,,,,,,,,,,,,,,,,,,,,,,,,,,,,,,,,,,,,,,,,,,0.54%,2.18,,
9/30/1986,4.30%,0.20%,0.52%,-0.05%,1.14%,-0.21%,-0.38%,-2.37%,0.00%,17.58%,4.63%,8.44%,5.00%,14.56%,8.36%,4.19%,10.94%,6.13%,,,,,,,,,,,,,,,,,,,,,,,,,,,,,,,,,,,,,,,,,,,,,,,,,,,0.46%,2.19,,
10/31/1986,2.93%,-2.10%,0.02%,-5.81%,4.77%,-1.76%,-4.34%,-2.55%,0.00%,16.00%,4.63%,8.50%,4.69%,15.12%,8.28%,3.88%,11.19%,6.00%,,,,,,,,,,,,,,,,,,,,,,,,,,,,,,,,,,,,,,,,,,,,,,,,,,,0.51%,2.20,,
11/28/1986,2.12%,4.65%,0.67%,0.98%,0.84%,2.71%,4.39%,2.60%,0.00%,15.94%,4.75%,8.50%,4.63%,18.12%,8.52%,4.00%,11.44%,6.13%,,,,,,,,,,,,,,,,,,,,,,,,,,,,,,,,,,,,,,,,,,,,,,,,,,,0.50%,2.21,,
12/31/1986,2.93%,1.64%,0.40%,1.19%,5.50%,1.35%,0.71%,3.07%,0.00%,14.63%,5.00%,8.38%,4.63%,22.00%,8.95%,4.06%,11.25%,6.38%,,,,,,,,,,,,,,,,,,,,,,,,,,,,,,,,,,,,,,,,,,,,,,,,,,,0.51%,2.22,,
1/30/1987,0.25%,5.47%,3.10%,3.63%,3.04%,4.09%,4.72%,2.62%,0.00%,17.34%,4.25%,7.63%,4.31%,22.12%,11.30%,3.69%,11.13%,6.25%,,,,,,,,,,,,,,,,,,,,,,,,,,,,,,,,,,,,,,,,,,,,,,,,,,,0.53%,2.24,,
2/27/1987,3.07%,0.38%,0.80%,0.34%,4.85%,1.71%,0.70%,2.89%,0.00%,16.25%,4.13%,7.50%,4.38%,23.50%,11.30%,4.06%,10.86%,6.44%,,,,,,,,,,,,,,,,,,,,,,,,,,,,,,,,,,,,,,,,,,,,,,,,,,,0.52%,2.25,,
3/31/1987,5.23%,1.10%,1.77%,4.66%,2.98%,2.67%,1.87%,4.18%,0.00%,16.02%,4.00%,7.00%,4.06%,24.00%,10.65%,3.75%,10.00%,6.69%,,,,,,,,,,,,,,,,,,,,,,,,,,,,,,,,,,,,,,,,,,,,,,,,,,,0.54%,2.26,,
4/30/1987,0.10%,0.36%,-1.94%,3.67%,2.90%,1.01%,2.04%,3.75%,0.00%,14.63%,3.94%,8.50%,4.00%,24.25%,9.65%,3.81%,9.38%,7.13%,,,,,,,,,,,,,,,,,,,,,,,,,,,,,,,,,,,,,,,,,,,,,,,,,,,0.56%,2.27,,
5/29/1987,1.83%,-1.73%,-0.20%,-2.46%,0.58%,-1.11%,-2.82%,-1.83%,0.00%,14.28%,3.88%,8.38%,3.94%,19.50%,9.95%,4.00%,9.00%,7.38%,,,,,,,,,,,,,,,,,,,,,,,,,,,,,,,,,,,,,,,,,,,,,,,,,,,0.59%,2.28,,
6/30/1987,1.73%,-0.54%,0.70%,-2.30%,4.07%,-0.23%,-0.47%,-0.73%,0.00%,13.06%,3.94%,8.44%,4.06%,17.75%,9.05%,3.94%,9.25%,7.19%,,,,,,,,,,,,,,,,,,,,,,,,,,,,,,,,,,,,,,,,,,,,,,,,,,,0.61%,2.30,,
7/31/1987,-2.51%,-1.99%,0.39%,-2.25%,-3.23%,-1.21%,-1.76%,-1.13%,0.00%,12.75%,3.94%,9.13%,4.06%,18.00%,9.21%,3.81%,9.39%,7.00%,,,,,,,,,,,,,,,,,,,,,,,,,,,,,,,,,,,,,,,,,,,,,,,,,,,0.60%,2.31,,
8/31/1987,2.49%,2.30%,0.90%,5.30%,7.36%,1.70%,2.66%,2.80%,0.00%,12.50%,4.00%,9.25%,4.06%,17.12%,9.46%,3.75%,10.44%,7.25%,,,,,,,,,,,,,,,,,,,,,,,,,,,,,,,,,,,,,,,,,,,,,,,,,,,0.58%,2.33,,
9/30/1987,-0.32%,-1.99%,0.86%,-3.24%,7.36%,-0.95%,-2.82%,-0.29%,0.00%,11.47%,4.56%,9.69%,5.00%,17.50%,9.63%,4.38%,10.31%,8.25%,,,,,,,,,,,,,,,,,,,,,,,,,,,,,,,,,,,,,,,,,,,,,,,,,,,0.60%,2.34,,
10/30/1987,-5.30%,6.36%,-0.50%,5.56%,-8.09%,3.91%,6.98%,6.11%,0.00%,13.17%,4.13%,8.19%,4.50%,19.50%,9.74%,3.88%,9.25%,7.63%,,,,,,,,,,,,,,,,,,,,,,,,,,,,,,,,,,,,,,,,,,,,,,,,,,,0.69%,2.36,,
11/30/1987,5.89%,5.39%,0.78%,4.37%,10.74%,4.59%,6.17%,6.41%,0.00%,12.09%,3.94%,9.00%,4.44%,16.37%,9.64%,4.06%,9.00%,8.00%,,,,,,,,,,,,,,,,,,,,,,,,,,,,,,,,,,,,,,,,,,,,,,,,,,,0.64%,2.37,,
12/31/1987,2.49%,3.22%,0.54%,8.64%,2.26%,2.78%,4.76%,2.26%,0.00%,10.81%,3.50%,8.50%,4.38%,16.00%,9.47%,2.94%,7.44%,7.44%,,,,,,,,,,,,,,,,,,,,,,,,,,,,,,,,,,,,,,,,,,,,,,,,,,,0.67%,2.39,,
1/29/1988,-1.62%,-6.05%,2.11%,-5.18%,1.63%,-3.57%,-6.84%,-5.57%,0.00%,10.88%,3.25%,8.50%,4.19%,16.12%,9.66%,1.88%,8.81%,6.88%,,,,,,,,,,,,,,,,,,,,,,,,,,,,,,,,,,,,,,,,,,,,,,,,,,,0.62%,2.40,,
2/29/1988,1.83%,-1.00%,1.33%,-0.72%,0.71%,0.77%,-2.29%,0.68%,0.00%,10.84%,3.44%,8.56%,4.31%,16.12%,9.65%,1.81%,9.39%,6.81%,,,,,,,,,,,,,,,,,,,,,,,,,,,,,,,,,,,,,,,,,,,,,,,,,,,0.57%,2.42,,
3/31/1988,3.52%,1.50%,2.21%,3.19%,-1.02%,2.25%,1.39%,6.56%,0.00%,11.50%,3.44%,8.50%,4.13%,15.12%,9.74%,2.00%,8.69%,6.94%,,,,,,,,,,,,,,,,,,,,,,,,,,,,,,,,,,,,,,,,,,,,,,,,,,,0.57%,2.43,,
4/29/1988,2.70%,-1.21%,0.74%,-0.79%,3.45%,0.32%,-2.33%,-0.31%,0.00%,11.20%,3.56%,9.00%,4.06%,16.12%,10.80%,2.38%,8.47%,7.31%,,,,,,,,,,,,,,,,,,,,,,,,,,,,,,,,,,,,,,,,,,,,,,,,,,,0.58%,2.44,,
5/31/1988,6.31%,-3.35%,-0.51%,-0.44%,3.83%,-1.67%,-3.62%,-2.01%,0.00%,12.73%,3.69%,9.19%,4.19%,15.12%,10.28%,3.00%,7.75%,7.75%,,,,,,,,,,,,,,,,,,,,,,,,,,,,,,,,,,,,,,,,,,,,,,,,,,,0.61%,2.46,,
6/30/1988,-1.19%,-5.51%,2.40%,-6.65%,-2.34%,-4.61%,-5.07%,-7.24%,0.00%,13.05%,4.50%,9.31%,4.50%,15.50%,10.60%,3.56%,9.94%,7.94%,,,,,,,,,,,,,,,,,,,,,,,,,,,,,,,,,,,,,,,,,,,,,,,,,,,0.65%,2.47,,
7/29/1988,2.22%,-2.86%,-0.03%,0.46%,-0.97%,-1.75%,-3.26%,0.44%,0.00%,13.13%,5.25%,9.63%,4.75%,14.75%,10.62%,4.00%,10.92%,8.44%,,,,,,,,,,,,,,,,,,,,,,,,,,,,,,,,,,,,,,,,,,,,,,,,,,,0.66%,2.49,,
8/31/1988,0.07%,-0.85%,-2.29%,-3.20%,-7.33%,-1.20%,-2.31%,-1.63%,0.00%,13.44%,5.19%,10.25%,5.06%,13.75%,10.63%,3.81%,12.31%,8.56%,,,,,,,,,,,,,,,,,,,,,,,,,,,,,,,,,,,,,,,,,,,,,,,,,,,0.70%,2.51,,
9/30/1988,-2.08%,-0.27%,2.14%,1.20%,0.32%,0.98%,-0.69%,0.72%,0.00%,13.83%,5.19%,10.50%,4.94%,13.75%,10.68%,3.69%,12.00%,8.63%,,,,,,,,,,,,,,,,,,,,,,,,,,,,,,,,,,,,,,,,,,,,,,,,,,,0.71%,2.53,,
10/31/1988,5.15%,5.71%,-0.07%,7.23%,2.70%,4.76%,6.18%,5.67%,0.00%,14.03%,4.94%,10.50%,4.50%,13.50%,10.80%,4.00%,12.09%,8.63%,,,,,,,,,,,,,,,,,,,,,,,,,,,,,,,,,,,,,,,,,,,,,,,,,,,0.72%,2.54,,
11/30/1988,7.12%,1.68%,2.81%,2.16%,5.08%,2.31%,2.22%,4.23%,0.00%,14.63%,5.15%,10.19%,4.50%,14.00%,10.96%,4.81%,13.19%,9.31%,,,,,,,,,,,,,,,,,,,,,,,,,,,,,,,,,,,,,,,,,,,,,,,,,,,0.72%,2.56,,
12/30/1988,-2.04%,-2.28%,-0.39%,-2.79%,-3.93%,-1.46%,-3.48%,-1.85%,0.00%,15.25%,5.45%,10.88%,4.69%,13.75%,10.75%,4.88%,13.19%,9.62%,,,,,,,,,,,,,,,,,,,,,,,,,,,,,,,,,,,,,,,,,,,,,,,,,,,0.78%,2.58,,
1/31/1989,4.73%,-5.53%,0.90%,-4.08%,-3.64%,-3.32%,-5.98%,-2.68%,0.00%,15.75%,6.06%,11.25%,4.60%,12.25%,10.70%,5.88%,13.06%,9.38%,,,,,,,,,,,,,,,,,,,,,,,,,,,,,,,,,,,,,,,,,,,,,,,,,,,0.80%,2.60,,
2/28/1989,-9.91%,2.61%,-1.22%,2.13%,3.13%,1.13%,2.25%,-0.32%,0.00%,16.38%,7.04%,12.13%,4.75%,13.00%,11.52%,6.13%,13.44%,10.31%,,,,,,,,,,,,,,,,,,,,,,,,,,,,,,,,,,,,,,,,,,,,,,,,,,,0.78%,2.62,,
3/31/1989,2.90%,-4.22%,0.71%,-4.87%,-0.94%,-2.38%,-6.81%,-3.07%,0.00%,17.38%,6.44%,12.19%,4.63%,12.62%,11.63%,5.89%,13.06%,10.31%,,,,,,,,,,,,,,,,,,,,,,,,,,,,,,,,,,,,,,,,,,,,,,,,,,,0.86%,2.65,,
4/28/1989,-2.37%,0.28%,1.02%,-0.74%,0.52%,0.84%,-1.09%,-0.01%,0.00%,17.00%,6.50%,12.50%,4.81%,13.12%,11.76%,6.64%,13.02%,10.06%,,,,,,,,,,,,,,,,,,,,,,,,,,,,,,,,,,,,,,,,,,,,,,,,,,,0.86%,2.67,,
5/31/1989,-4.96%,-5.92%,-1.79%,-7.58%,-4.41%,-4.63%,-3.31%,-6.79%,0.00%,18.13%,7.25%,12.38%,5.19%,13.18%,11.71%,8.25%,14.28%,9.56%,,,,,,,,,,,,,,,,,,,,,,,,,,,,,,,,,,,,,,,,,,,,,,,,,,,0.84%,2.69,,
6/30/1989,1.24%,2.08%,1.03%,-0.64%,-2.13%,1.13%,3.02%,-0.60%,0.00%,18.08%,7.09%,11.94%,5.51%,13.00%,11.90%,7.50%,14.22%,9.31%,,,,,,,,,,,,,,,,,,,,,,,,,,,,,,,,,,,,,,,,,,,,,,,,,,,0.80%,2.71,,
7/31/1989,1.03%,4.26%,1.64%,4.59%,2.24%,4.59%,3.89%,7.56%,0.00%,17.88%,6.88%,12.13%,5.38%,12.75%,12.04%,7.00%,13.88%,8.56%,,,,,,,,,,,,,,,,,,,,,,,,,,,,,,,,,,,,,,,,,,,,,,,,,,,0.78%,2.73,,
8/31/1989,1.84%,-4.87%,0.61%,-5.59%,1.33%,-3.28%,-4.96%,-5.07%,0.00%,17.63%,7.25%,12.19%,5.56%,12.62%,11.90%,7.45%,14.00%,9.00%,,,,,,,,,,,,,,,,,,,,,,,,,,,,,,,,,,,,,,,,,,,,,,,,,,,0.71%,2.75,,
9/29/1989,2.25%,4.45%,0.15%,3.44%,0.46%,3.38%,4.09%,3.20%,0.00%,18.16%,8.00%,12.13%,5.70%,13.12%,12.00%,7.94%,14.88%,9.19%,,,,,,,,,,,,,,,,,,,,,,,,,,,,,,,,,,,,,,,,,,,,,,,,,,,0.75%,2.77,,
10/31/1989,1.77%,1.68%,0.66%,-2.69%,-0.15%,0.60%,0.39%,-2.04%,0.00%,18.09%,8.28%,12.13%,6.54%,13.43%,12.10%,8.00%,15.38%,8.69%,,,,,,,,,,,,,,,,,,,,,,,,,,,,,,,,,,,,,,,,,,,,,,,,,,,0.77%,2.79,,
11/30/1989,0.78%,2.84%,1.14%,-0.27%,0.59%,0.72%,1.08%,-0.36%,0.00%,17.75%,8.21%,12.19%,6.81%,13.50%,12.45%,7.75%,15.31%,8.50%,,,,,,,,,,,,,,,,,,,,,,,,,,,,,,,,,,,,,,,,,,,,,,,,,,,0.72%,2.81,,
12/29/1989,1.73%,5.56%,0.76%,-1.07%,1.26%,3.39%,3.21%,3.43%,0.00%,17.13%,8.41%,12.13%,7.06%,13.25%,12.80%,8.56%,15.13%,8.38%,,,,,,,,,,,,,,,,,,,,,,,,,,,,,,,,,,,,,,,,,,,,,,,,,,,0.71%,2.83,,
1/31/1990,-1.80%,0.46%,-2.44%,-0.53%,0.93%,1.28%,3.05%,4.87%,0.00%,16.25%,8.25%,12.44%,7.13%,13.31%,13.24%,9.94%,15.19%,8.38%,,,,,,,,,,,,,,,,,,,,,,,,,,,,,,,,,,,,,,,,,,,,,,,,,,,0.70%,2.85,,
2/28/1990,-0.46%,-0.70%,0.28%,-3.15%,-1.21%,0.61%,0.51%,0.83%,0.00%,15.75%,8.55%,13.38%,7.38%,13.43%,15.19%,9.50%,15.25%,8.38%,,,,,,,,,,,,,,,,,,,,,,,,,,,,,,,,,,,,,,,,,,,,,,,,,,,0.70%,2.87,,
3/30/1990,-0.30%,-0.13%,2.06%,-5.79%,-1.26%,0.33%,-0.92%,-2.19%,0.00%,15.25%,8.17%,13.25%,7.56%,13.12%,14.75%,9.13%,15.38%,8.50%,,,,,,,,,,,,,,,,,,,,,,,,,,,,,,,,,,,,,,,,,,,,,,,,,,,0.70%,2.89,,
4/30/1990,0.24%,1.09%,0.94%,-0.66%,-0.39%,1.22%,3.46%,0.29%,0.00%,14.75%,8.38%,13.50%,7.44%,13.25%,13.67%,9.38%,15.50%,8.69%,,,,,,,,,,,,,,,,,,,,,,,,,,,,,,,,,,,,,,,,,,,,,,,,,,,0.71%,2.92,,
5/31/1990,3.02%,-0.72%,-0.30%,4.15%,0.67%,0.19%,2.36%,3.16%,0.00%,14.73%,8.21%,13.75%,7.38%,13.50%,12.99%,8.69%,15.25%,8.38%,,,,,,,,,,,,,,,,,,,,,,,,,,,,,,,,,,,,,,,,,,,,,,,,,,,0.72%,2.94,,
6/29/1990,3.61%,1.78%,1.02%,0.33%,2.49%,1.59%,0.71%,4.63%,0.00%,14.88%,8.26%,13.50%,7.75%,13.43%,12.65%,8.94%,15.06%,8.38%,,,,,,,,,,,,,,,,,,,,,,,,,,,,,,,,,,,,,,,,,,,,,,,,,,,0.70%,2.96,,
7/31/1990,0.28%,4.42%,1.49%,3.58%,0.88%,4.07%,4.55%,6.91%,0.00%,14.63%,8.29%,13.06%,7.81%,13.37%,12.60%,8.88%,15.13%,7.94%,,,,,,,,,,,,,,,,,,,,,,,,,,,,,,,,,,,,,,,,,,,,,,,,,,,0.70%,2.98,,
8/31/1990,3.38%,1.05%,0.10%,1.88%,4.44%,1.24%,3.75%,2.38%,0.00%,13.72%,8.50%,12.63%,8.31%,14.31%,13.30%,8.63%,15.06%,8.06%,,,,,,,,,,,,,,,,,,,,,,,,,,,,,,,,,,,,,,,,,,,,,,,,,,,0.66%,3.00,,
9/28/1990,2.04%,0.68%,0.48%,4.10%,0.55%,0.54%,0.70%,-0.47%,0.00%,13.36%,8.68%,12.31%,8.38%,14.50%,13.73%,8.25%,15.06%,8.31%,,,,,,,,,,,,,,,,,,,,,,,,,,,,,,,,,,,,,,,,,,,,,,,,,,,0.67%,3.02,,
10/31/1990,-4.59%,3.04%,-0.78%,6.45%,0.37%,2.17%,0.68%,4.53%,0.00%,12.61%,8.71%,12.25%,8.25%,14.28%,16.00%,8.31%,13.81%,8.06%,,,,,,,,,,,,,,,,,,,,,,,,,,,,,,,,,,,,,,,,,,,,,,,,,,,0.69%,3.04,,
11/30/1990,-0.92%,1.27%,0.48%,-2.73%,-0.30%,1.10%,0.60%,0.44%,0.00%,12.25%,9.26%,11.94%,8.44%,13.35%,15.64%,9.00%,13.63%,8.38%,,,,,,,,,,,,,,,,,,,,,,,,,,,,,,,,,,,,,,,,,,,,,,,,,,,0.67%,3.06,,
12/31/1990,0.08%,0.22%,0.74%,-1.96%,-3.29%,0.31%,0.19%,-0.32%,0.00%,11.88%,9.39%,11.19%,8.25%,12.60%,14.39%,8.69%,14.06%,7.63%,,,,,,,,,,,,,,,,,,,,,,,,,,,,,,,,,,,,,,,,,,,,,,,,,,,0.70%,3.08,,
1/31/1991,1.65%,1.04%,-0.04%,3.13%,2.24%,2.14%,1.22%,2.20%,0.00%,11.75%,9.20%,10.61%,8.25%,12.12%,13.35%,8.00%,14.00%,7.06%,,,,,,,,,,,,,,,,,,,,,,,,,,,,,,,,,,,,,,,,,,,,,,,,,,,0.64%,3.10,,
2/28/1991,0.66%,-2.19%,1.46%,-0.50%,0.63%,-1.40%,-3.95%,-1.75%,0.00%,11.47%,9.09%,9.69%,8.19%,12.10%,12.25%,8.25%,12.81%,6.88%,,,,,,,,,,,,,,,,,,,,,,,,,,,,,,,,,,,,,,,,,,,,,,,,,,,0.59%,3.12,,
3/29/1991,-1.07%,-10.24%,-0.51%,-5.56%,-1.79%,-6.95%,-8.83%,-8.41%,0.00%,11.50%,9.33%,9.69%,8.25%,11.87%,12.45%,8.56%,12.44%,6.38%,,,,,,,,,,,,,,,,,,,,,,,,,,,,,,,,,,,,,,,,,,,,,,,,,,,0.57%,3.14,,
4/30/1991,1.18%,-1.94%,0.98%,2.80%,0.53%,-0.91%,-1.06%,-1.76%,0.00%,11.17%,9.19%,9.19%,8.06%,10.57%,12.55%,8.63%,11.75%,6.06%,,,,,,,,,,,,,,,,,,,,,,,,,,,,,,,,,,,,,,,,,,,,,,,,,,,0.53%,3.15,,
5/31/1991,-2.00%,0.58%,0.73%,-0.79%,-0.53%,0.49%,-0.37%,0.52%,0.00%,10.30%,9.06%,8.75%,8.06%,9.80%,11.30%,8.19%,11.50%,6.06%,,,,,,,,,,,,,,,,,,,,,,,,,,,,,,,,,,,,,,,,,,,,,,,,,,,0.51%,3.17,,
6/28/1991,1.38%,-4.47%,0.45%,0.40%,-0.78%,-5.01%,-5.29%,-4.84%,0.00%,10.38%,9.18%,8.63%,7.75%,9.90%,10.90%,8.06%,11.25%,6.19%,,,,,,,,,,,,,,,,,,,,,,,,,,,,,,,,,,,,,,,,,,,,,,,,,,,0.51%,3.18,,
7/31/1991,1.57%,4.10%,-0.76%,0.26%,-0.60%,3.74%,2.39%,4.28%,0.00%,10.11%,9.34%,8.69%,7.38%,9.51%,10.90%,7.88%,11.19%,6.00%,,,,,,,,,,,,,,,,,,,,,,,,,,,,,,,,,,,,,,,,,,,,,,,,,,,0.52%,3.20,,
8/30/1991,1.23%,0.19%,1.23%,0.62%,0.78%,0.65%,-0.08%,0.31%,0.00%,10.20%,9.25%,8.50%,7.25%,9.31%,10.65%,8.06%,10.88%,5.69%,,,,,,,,,,,,,,,,,,,,,,,,,,,,,,,,,,,,,,,,,,,,,,,,,,,0.50%,3.22,,
9/30/1991,2.26%,5.30%,1.10%,3.17%,-0.96%,4.33%,5.47%,4.51%,0.00%,9.38%,9.43%,8.25%,6.63%,7.89%,10.70%,8.25%,10.31%,5.63%,,,,,,,,,,,,,,,,,,,,,,,,,,,,,,,,,,,,,,,,,,,,,,,,,,,0.47%,3.23,,
10/31/1991,-2.43%,-0.53%,0.86%,1.33%,-1.78%,-0.31%,-1.31%,-0.47%,0.00%,8.38%,9.50%,7.75%,6.25%,8.07%,11.25%,8.31%,10.50%,5.31%,,,,,,,,,,,,,,,,,,,,,,,,,,,,,,,,,,,,,,,,,,,,,,,,,,,0.47%,3.25,,
11/29/1991,1.16%,3.19%,-0.66%,1.03%,1.25%,2.70%,2.68%,1.84%,0.00%,8.20%,9.53%,7.44%,6.19%,8.15%,12.00%,8.13%,10.63%,4.94%,,,,,,,,,,,,,,,,,,,,,,,,,,,,,,,,,,,,,,,,,,,,,,,,,,,0.44%,3.26,,
12/31/1991,-2.79%,7.56%,-1.64%,4.27%,-3.56%,8.25%,5.72%,6.30%,0.00%,7.33%,9.63%,7.13%,5.69%,7.59%,13.68%,8.13%,11.00%,4.31%,,,,,,,,,,,,,,,,,,,,,,,,,,,,,,,,,,,,,,,,,,,,,,,,,,,0.41%,3.27,,
1/31/1992,-0.95%,-5.36%,-1.31%,-0.16%,0.32%,-4.37%,-4.57%,-3.79%,0.00%,7.55%,9.63%,7.06%,5.19%,7.39%,12.40%,7.50%,10.69%,4.19%,,,,,,,,,,,,,,,,,,,,,,,,,,,,,,,,,,,,,,,,,,,,,,,,,,,0.36%,3.29,,
2/28/1992,0.64%,-1.10%,-0.48%,-2.98%,1.47%,-0.79%,-3.33%,-1.08%,0.00%,7.50%,9.65%,7.19%,5.25%,7.48%,12.10%,7.63%,10.25%,4.25%,,,,,,,,,,,,,,,,,,,,,,,,,,,,,,,,,,,,,,,,,,,,,,,,,,,0.35%,3.30,,
3/31/1992,2.31%,-0.08%,-0.42%,-2.92%,0.40%,-0.10%,-0.81%,-0.76%,0.00%,7.44%,9.81%,7.19%,4.81%,7.22%,11.73%,8.88%,10.88%,4.31%,,,,,,,,,,,,,,,,,,,,,,,,,,,,,,,,,,,,,,,,,,,,,,,,,,,0.35%,3.31,,
4/30/1992,-1.34%,-0.23%,-0.28%,-0.16%,-1.64%,0.50%,-1.10%,2.47%,0.00%,6.75%,9.84%,6.67%,4.75%,6.88%,12.06%,8.88%,10.56%,4.06%,,,,,,,,,,,,,,,,,,,,,,,,,,,,,,,,,,,,,,,,,,,,,,,,,,,0.36%,3.32,,
5/29/1992,0.36%,3.49%,-0.40%,4.50%,-0.19%,3.91%,4.61%,3.78%,0.00%,6.44%,9.78%,6.03%,4.75%,6.85%,11.70%,9.31%,10.06%,4.06%,,,,,,,,,,,,,,,,,,,,,,,,,,,,,,,,,,,,,,,,,,,,,,,,,,,0.34%,3.33,,
6/30/1992,-1.20%,5.84%,0.86%,1.42%,1.93%,5.71%,6.53%,4.45%,0.00%,6.13%,9.81%,5.50%,4.50%,6.63%,11.85%,9.19%,10.13%,3.94%,,,,,,,,,,,,,,,,,,,,,,,,,,,,,,,,,,,,,,,,,,,,,,,,,,,0.34%,3.34,,
7/31/1992,-0.22%,3.77%,1.17%,-0.90%,0.39%,3.30%,5.14%,1.51%,0.00%,5.41%,9.88%,5.19%,4.06%,6.11%,12.40%,8.63%,10.38%,3.44%,,,,,,,,,,,,,,,,,,,,,,,,,,,,,,,,,,,,,,,,,,,,,,,,,,,0.33%,3.36,,
8/31/1992,-3.75%,5.82%,-0.75%,3.44%,-0.57%,5.04%,5.58%,3.99%,0.00%,5.88%,9.95%,4.75%,3.94%,6.23%,14.74%,7.94%,10.75%,3.50%,,,,,,,,,,,,,,,,,,,,,,,,,,,,,,,,,,,,,,,,,,,,,,,,,,,0.29%,3.36,,
9/30/1992,-0.11%,0.11%,-4.93%,2.72%,-0.51%,-2.06%,2.39%,-9.70%,0.00%,5.95%,9.10%,7.88%,3.94%,6.48%,20.00%,6.94%,9.06%,3.13%,,,,,,,,,,,,,,,,,,,,,,,,,,,,,,,,,,,,,,,,,,,,,,,,,,,0.29%,3.37,,
10/30/1992,-2.25%,-7.98%,1.32%,-2.71%,-1.95%,-7.61%,-10.07%,-11.48%,0.00%,5.88%,9.02%,6.13%,3.75%,6.23%,13.50%,6.38%,7.63%,3.56%,,,,,,,,,,,,,,,,,,,,,,,,,,,,,,,,,,,,,,,,,,,,,,,,,,,0.26%,3.38,,
11/30/1992,-1.60%,-3.03%,-3.24%,-0.99%,-2.61%,-14.78%,-4.59%,-3.10%,0.00%,5.95%,9.00%,8.13%,3.81%,6.17%,13.15%,6.56%,7.50%,4.00%,,,,,,,,,,,,,,,,,,,,,,,,,,,,,,,,,,,,,,,,,,,,,,,,,,,0.30%,3.39,,
12/31/1992,1.13%,-0.76%,1.78%,-0.15%,0.92%,-1.97%,-1.26%,0.69%,0.00%,5.81%,8.72%,6.88%,3.81%,7.59%,11.01%,6.00%,7.13%,3.44%,,,,,,,,,,,,,,,,,,,,,,,,,,,,,,,,,,,,,,,,,,,,,,,,,,,0.33%,3.40,,
1/29/1993,-1.28%,0.91%,0.23%,0.09%,0.80%,-2.71%,-1.19%,-1.24%,0.00%,5.88%,8.50%,6.52%,3.56%,7.62%,10.50%,5.50%,6.38%,3.31%,,,,,,,,,,,,,,,,,,,,,,,,,,,,,,,,,,,,,,,,,,,,,,,,,,,0.29%,3.41,,
2/26/1993,2.57%,-1.72%,1.88%,5.72%,1.74%,-6.29%,-2.26%,-4.52%,0.00%,5.50%,8.33%,5.88%,3.31%,7.50%,9.75%,5.50%,6.19%,3.19%,,,,,,,,,,,,,,,,,,,,,,,,,,,,,,,,,,,,,,,,,,,,,,,,,,,0.28%,3.42,,
3/31/1993,1.64%,2.47%,-0.15%,2.69%,1.99%,1.80%,2.11%,6.22%,0.00%,5.25%,7.96%,5.06%,3.31%,7.08%,10.25%,5.19%,6.00%,3.25%,,,,,,,,,,,,,,,,,,,,,,,,,,,,,,,,,,,,,,,,,,,,,,,,,,,0.27%,3.43,,
4/30/1993,0.47%,2.10%,-1.14%,3.61%,2.24%,6.40%,4.76%,4.54%,0.00%,5.19%,7.73%,5.16%,3.25%,6.90%,9.30%,5.13%,6.19%,3.19%,,,,,,,,,,,,,,,,,,,,,,,,,,,,,,,,,,,,,,,,,,,,,,,,,,,0.27%,3.44,,
5/31/1993,-4.02%,0.12%,0.19%,3.57%,0.12%,2.14%,0.65%,-0.30%,0.00%,5.19%,7.67%,4.89%,3.31%,6.51%,8.65%,5.19%,5.94%,3.38%,,,,,,,,,,,,,,,,,,,,,,,,,,,,,,,,,,,,,,,,,,,,,,,,,,,0.27%,3.45,,
6/30/1993,-1.89%,-5.53%,-0.49%,1.36%,-0.71%,-5.89%,-4.67%,-3.20%,0.00%,5.17%,7.56%,4.53%,3.31%,6.30%,8.65%,5.06%,6.06%,3.31%,,,,,,,,,,,,,,,,,,,,,,,,,,,,,,,,,,,,,,,,,,,,,,,,,,,0.28%,3.46,,
7/30/1993,3.90%,-2.65%,-0.04%,1.00%,3.43%,-6.98%,-1.70%,-1.71%,0.00%,4.84%,6.88%,4.13%,3.25%,5.55%,8.50%,4.69%,5.94%,3.31%,,,,,,,,,,,,,,,,,,,,,,,,,,,,,,,,,,,,,,,,,,,,,,,,,,,0.28%,3.47,,
8/31/1993,-2.41%,4.13%,-2.67%,-0.09%,-0.02%,1.79%,3.25%,0.98%,0.00%,4.75%,6.69%,4.81%,2.75%,5.48%,7.90%,4.81%,6.00%,3.25%,,,,,,,,,,,,,,,,,,,,,,,,,,,,,,,,,,,,,,,,,,,,,,,,,,,0.28%,3.48,,
9/30/1993,-3.73%,3.19%,-0.70%,-0.99%,-0.16%,1.77%,3.82%,0.76%,0.00%,4.88%,6.77%,4.81%,2.56%,5.39%,7.95%,4.75%,6.06%,3.38%,,,,,,,,,,,,,,,,,,,,,,,,,,,,,,,,,,,,,,,,,,,,,,,,,,,0.27%,3.49,,
10/29/1993,3.32%,-2.28%,0.95%,-2.41%,0.84%,-0.57%,-3.52%,-0.46%,0.00%,4.75%,6.51%,4.52%,2.38%,5.17%,7.70%,4.56%,5.75%,3.44%,,,,,,,,,,,,,,,,,,,,,,,,,,,,,,,,,,,,,,,,,,,,,,,,,,,0.28%,3.50,,
11/30/1993,-0.83%,-1.70%,-1.05%,-0.72%,-1.24%,-3.26%,-0.56%,0.24%,0.00%,4.81%,6.26%,4.17%,2.19%,5.90%,7.65%,4.50%,5.44%,3.50%,,,,,,,,,,,,,,,,,,,,,,,,,,,,,,,,,,,,,,,,,,,,,,,,,,,0.29%,3.51,,
12/31/1993,3.07%,-1.36%,1.02%,-2.44%,2.53%,1.50%,0.43%,-0.44%,0.00%,4.75%,5.94%,3.86%,2.06%,4.96%,7.54%,4.13%,5.44%,3.38%,,,,,,,,,,,,,,,,,,,,,,,,,,,,,,,,,,,,,,,,,,,,,,,,,,,0.29%,3.52,,
1/31/1994,4.62%,-0.24%,-0.13%,2.24%,1.66%,5.50%,1.32%,1.46%,0.00%,4.75%,5.93%,3.69%,2.25%,4.50%,7.50%,4.13%,5.50%,3.25%,,,,,,,,,,,,,,,,,,,,,,,,,,,,,,,,,,,,,,,,,,,,,,,,,,,0.28%,3.53,,
2/28/1994,0.62%,2.44%,-1.87%,4.62%,1.42%,-0.42%,2.80%,-0.65%,0.00%,4.81%,5.96%,4.00%,2.38%,5.07%,7.30%,4.19%,5.19%,3.75%,,,,,,,,,,,,,,,,,,,,,,,,,,,,,,,,,,,,,,,,,,,,,,,,,,,0.27%,3.54,,
3/31/1994,-1.59%,2.45%,-2.51%,1.25%,-2.23%,2.44%,1.38%,-0.03%,0.00%,4.94%,5.71%,5.86%,2.31%,6.60%,7.25%,4.19%,5.44%,3.94%,,,,,,,,,,,,,,,,,,,,,,,,,,,,,,,,,,,,,,,,,,,,,,,,,,,0.31%,3.55,,
4/29/1994,1.90%,1.00%,0.24%,1.15%,2.77%,2.47%,0.21%,2.31%,0.00%,4.88%,5.38%,6.03%,2.31%,6.44%,7.50%,4.00%,5.25%,4.31%,,,,,,,,,,,,,,,,,,,,,,,,,,,,,,,,,,,,,,,,,,,,,,,,,,,0.33%,3.56,,
5/31/1994,3.58%,0.96%,-0.18%,-3.18%,3.26%,-1.54%,0.33%,-0.19%,0.00%,4.81%,5.13%,6.19%,2.19%,5.57%,7.12%,4.25%,5.25%,4.63%,,,,,,,,,,,,,,,,,,,,,,,,,,,,,,,,,,,,,,,,,,,,,,,,,,,0.36%,3.57,,
6/30/1994,-1.13%,3.38%,0.45%,5.93%,0.23%,1.67%,4.85%,2.20%,0.00%,5.75%,5.01%,6.44%,2.19%,7.14%,7.15%,4.38%,5.19%,4.88%,,,,,,,,,,,,,,,,,,,,,,,,,,,,,,,,,,,,,,,,,,,,,,,,,,,0.39%,3.59,,
7/29/1994,1.24%,0.17%,0.17%,-1.76%,1.26%,-0.89%,-0.62%,-0.48%,0.00%,5.50%,5.00%,5.88%,2.25%,6.93%,7.44%,4.38%,5.75%,4.88%,,,,,,,,,,,,,,,,,,,,,,,,,,,,,,,,,,,,,,,,,,,,,,,,,,,0.41%,3.60,,
8/31/1994,0.78%,0.71%,0.89%,-0.23%,0.24%,0.72%,1.17%,0.10%,0.00%,5.69%,5.00%,5.53%,2.38%,6.99%,7.85%,4.31%,5.56%,5.00%,,,,,,,,,,,,,,,,,,,,,,,,,,,,,,,,,,,,,,,,,,,,,,,,,,,0.41%,3.62,,
9/30/1994,-0.51%,1.82%,2.40%,1.12%,0.21%,3.66%,3.29%,2.75%,0.00%,6.19%,5.19%,5.31%,2.38%,7.59%,8.10%,4.19%,5.94%,5.50%,,,,,,,,,,,,,,,,,,,,,,,,,,,,,,,,,,,,,,,,,,,,,,,,,,,0.42%,3.63,,
10/31/1994,0.24%,2.89%,-0.85%,1.80%,2.46%,3.96%,2.28%,3.43%,0.00%,6.88%,5.17%,5.50%,2.38%,8.19%,8.10%,4.06%,6.06%,5.63%,,,,,,,,,,,,,,,,,,,,,,,,,,,,,,,,,,,,,,,,,,,,,,,,,,,0.46%,3.65,,
11/30/1994,3.73%,-3.99%,-1.64%,-2.21%,2.15%,-4.11%,-5.39%,-3.94%,0.00%,7.63%,5.32%,5.98%,2.38%,9.14%,8.15%,4.00%,6.25%,6.19%,,,,,,,,,,,,,,,,,,,,,,,,,,,,,,,,,,,,,,,,,,,,,,,,,,,0.47%,3.67,,
12/30/1994,1.00%,1.32%,-1.96%,-1.13%,2.24%,1.54%,1.39%,-0.10%,0.00%,8.31%,5.28%,7.11%,2.44%,9.22%,8.25%,4.25%,6.69%,6.50%,,,,,,,,,,,,,,,,,,,,,,,,,,,,,,,,,,,,,,,,,,,,,,,,,,,0.52%,3.69,,
1/31/1995,-2.26%,2.20%,-0.91%,0.45%,0.13%,-0.21%,2.40%,1.47%,0.00%,8.38%,5.06%,8.23%,2.31%,9.20%,8.10%,4.00%,6.80%,6.31%,,,,,,,,,,,,,,,,,,,,,,,,,,,,,,,,,,,,,,,,,,,,,,,,,,,0.54%,3.71,,
2/28/1995,-2.47%,3.40%,1.76%,2.03%,-0.74%,1.64%,2.63%,-0.44%,0.00%,7.94%,5.13%,7.64%,2.31%,9.43%,8.27%,3.88%,6.75%,6.25%,,,,,,,,,,,,,,,,,,,,,,,,,,,,,,,,,,,,,,,,,,,,,,,,,,,0.53%,3.72,,
3/31/1995,-0.31%,7.00%,-0.71%,11.73%,3.54%,-0.15%,10.13%,3.13%,0.00%,7.97%,4.76%,8.23%,1.77%,9.33%,8.95%,3.50%,6.75%,6.25%,,,,,,,,,,,,,,,,,,,,,,,,,,,,,,,,,,,,,,,,,,,,,,,,,,,0.52%,3.74,,
4/28/1995,-0.66%,-1.09%,3.29%,2.50%,3.16%,1.62%,-1.62%,-1.21%,0.00%,7.94%,4.56%,7.86%,1.44%,9.14%,8.95%,3.50%,7.00%,6.19%,,,,,,,,,,,,,,,,,,,,,,,,,,,,,,,,,,,,,,,,,,,,,,,,,,,0.52%,3.76,,
5/31/1995,-0.94%,-2.34%,-0.42%,-1.16%,-1.08%,-0.78%,-2.45%,-1.22%,0.00%,7.58%,4.50%,7.38%,1.19%,9.10%,8.90%,3.27%,6.69%,6.06%,,,,,,,,,,,,,,,,,,,,,,,,,,,,,,,,,,,,,,,,,,,,,,,,,,,0.52%,3.78,,
6/30/1995,-1.42%,1.95%,-0.22%,-0.70%,0.84%,1.03%,1.13%,0.13%,0.00%,7.63%,4.63%,6.88%,1.25%,9.02%,9.30%,3.13%,7.00%,6.06%,,,,,,,,,,,,,,,,,,,,,,,,,,,,,,,,,,,,,,,,,,,,,,,,,,,0.51%,3.80,,
7/31/1995,4.43%,0.11%,0.17%,-3.93%,1.05%,3.61%,0.28%,0.62%,0.00%,7.63%,4.56%,6.88%,0.81%,8.91%,9.28%,2.73%,6.94%,5.88%,,,,,,,,,,,,,,,,,,,,,,,,,,,,,,,,,,,,,,,,,,,,,,,,,,,0.50%,3.82,,
8/31/1995,2.00%,-6.16%,2.28%,-10.57%,-3.31%,-3.21%,-5.23%,-3.12%,0.00%,7.56%,4.33%,6.41%,0.78%,9.50%,9.20%,2.88%,6.85%,5.88%,,,,,,,,,,,,,,,,,,,,,,,,,,,,,,,,,,,,,,,,,,,,,,,,,,,0.49%,3.84,,
9/29/1995,0.40%,3.21%,-0.10%,-1.05%,1.57%,5.66%,4.86%,2.27%,0.00%,7.44%,4.13%,6.53%,0.47%,9.19%,9.05%,2.48%,6.83%,5.95%,,,,,,,,,,,,,,,,,,,,,,,,,,,,,,,,,,,,,,,,,,,,,,,,,,,0.49%,3.86,,
10/31/1995,0.89%,0.87%,0.22%,-4.03%,0.49%,4.59%,0.85%,-0.24%,0.00%,7.56%,4.18%,6.44%,0.50%,8.21%,8.74%,2.08%,6.81%,5.94%,,,,,,,,,,,,,,,,,,,,,,,,,,,,,,,,,,,,,,,,,,,,,,,,,,,0.50%,3.88,,
11/30/1995,-2.13%,-2.70%,-0.88%,0.25%,-0.89%,1.46%,-3.50%,-3.01%,0.00%,7.47%,3.97%,5.88%,0.48%,8.33%,8.85%,2.13%,6.59%,5.88%,,,,,,,,,,,,,,,,,,,,,,,,,,,,,,,,,,,,,,,,,,,,,,,,,,,0.49%,3.90,,
12/29/1995,0.16%,0.83%,-0.40%,-2.05%,0.33%,-0.75%,1.70%,1.52%,0.00%,7.38%,3.85%,5.63%,0.50%,8.77%,8.59%,1.81%,6.56%,5.63%,,,,,,,,,,,,,,,,,,,,,,,,,,,,,,,,,,,,,,,,,,,,,,,,,,,0.49%,3.92,,
1/31/1996,0.24%,-3.97%,-0.86%,-4.03%,3.18%,-4.38%,-5.30%,-2.62%,0.00%,7.38%,3.35%,5.30%,0.56%,8.53%,8.15%,1.77%,6.31%,5.38%,,,,,,,,,,,,,,,,,,,,,,,,,,,,,,,,,,,,,,,,,,,,,,,,,,,0.47%,3.93,,
2/29/1996,2.85%,1.08%,0.29%,1.26%,0.33%,3.19%,0.68%,1.39%,0.00%,7.50%,3.40%,5.31%,0.77%,8.97%,7.55%,1.63%,6.19%,5.30%,,,,,,,,,,,,,,,,,,,,,,,,,,,,,,,,,,,,,,,,,,,,,,,,,,,0.45%,3.95,,
3/29/1996,2.47%,-0.59%,0.75%,-1.90%,1.44%,1.29%,0.41%,-0.21%,0.00%,7.56%,3.38%,5.13%,0.61%,8.98%,6.93%,1.80%,6.13%,5.47%,,,,,,,,,,,,,,,,,,,,,,,,,,,,,,,,,,,,,,,,,,,,,,,,,,,0.44%,3.97,,
4/30/1996,0.70%,-3.93%,0.08%,1.52%,1.14%,-1.52%,-4.71%,-1.66%,0.00%,7.56%,3.31%,4.81%,0.67%,9.62%,6.34%,1.88%,6.07%,5.48%,,,,,,,,,,,,,,,,,,,,,,,,,,,,,,,,,,,,,,,,,,,,,,,,,,,0.46%,3.99,,
5/31/1996,1.73%,0.22%,-0.75%,-3.51%,-0.73%,1.13%,-0.95%,3.32%,0.00%,7.59%,3.39%,4.81%,0.55%,9.90%,6.29%,2.63%,6.13%,5.50%,,,,,,,,,,,,,,,,,,,,,,,,,,,,,,,,,,,,,,,,,,,,,,,,,,,0.46%,4.01,,
6/28/1996,-1.28%,0.19%,0.37%,-1.85%,1.15%,1.49%,-0.16%,0.33%,0.00%,7.63%,3.41%,4.81%,0.60%,10.27%,5.87%,2.56%,5.88%,5.58%,,,,,,,,,,,,,,,,,,,,,,,,,,,,,,,,,,,,,,,,,,,,,,,,,,,0.46%,4.02,,
7/31/1996,-1.57%,3.17%,-0.68%,2.33%,1.05%,0.47%,4.32%,0.23%,0.00%,7.06%,3.43%,4.63%,0.69%,10.06%,5.48%,2.56%,5.82%,5.68%,,,,,,,,,,,,,,,,,,,,,,,,,,,,,,,,,,,,,,,,,,,,,,,,,,,0.47%,4.04,,
8/30/1996,2.52%,-0.52%,0.39%,-2.17%,0.44%,-0.10%,-0.29%,0.40%,0.00%,6.89%,3.21%,4.16%,0.52%,9.95%,5.18%,2.17%,5.81%,5.56%,,,,,,,,,,,,,,,,,,,,,,,,,,,,,,,,,,,,,,,,,,,,,,,,,,,0.47%,4.06,,
9/30/1996,0.11%,-3.33%,0.33%,-2.89%,1.64%,-0.16%,-4.66%,0.01%,0.00%,6.78%,3.15%,4.01%,0.52%,9.93%,4.85%,1.50%,5.95%,5.63%,,,,,,,,,,,,,,,,,,,,,,,,,,,,,,,,,,,,,,,,,,,,,,,,,,,0.46%,4.08,,
10/31/1996,0.31%,0.58%,1.52%,-2.58%,1.56%,0.84%,-0.81%,4.14%,0.00%,6.63%,3.18%,3.31%,0.50%,9.03%,4.71%,1.81%,6.28%,5.50%,,,,,,,,,,,,,,,,,,,,,,,,,,,,,,,,,,,,,,,,,,,,,,,,,,,0.47%,4.10,,
11/29/1996,2.84%,-1.74%,-0.63%,-0.41%,0.94%,-2.24%,-3.66%,3.28%,0.00%,6.50%,3.29%,3.00%,0.48%,8.78%,4.42%,2.06%,6.43%,5.50%,,,,,,,,,,,,,,,,,,,,,,,,,,,,,,,,,,,,,,,,,,,,,,,,,,,0.46%,4.12,,
12/31/1996,-2.44%,-0.45%,-1.90%,-2.47%,-0.49%,-1.80%,-3.27%,1.90%,0.00%,6.00%,3.20%,3.13%,0.49%,7.89%,4.10%,1.88%,6.55%,5.56%,,,,,,,,,,,,,,,,,,,,,,,,,,,,,,,,,,,,,,,,,,,,,,,,,,,0.46%,4.14,,
1/31/1997,-4.00%,-6.12%,1.49%,-4.83%,-2.33%,-5.78%,-5.97%,-6.30%,0.00%,5.72%,3.19%,3.19%,0.50%,7.46%,4.27%,1.73%,6.33%,5.56%,,,,,,,,,,,,,,,,,,,,,,,,,,,,,,,,,,,,,,,,,,,,,,,,,,,0.46%,4.16,,
2/28/1997,1.84%,-3.18%,-1.57%,0.20%,0.59%,-3.65%,-3.81%,1.88%,0.00%,6.00%,3.29%,3.19%,0.52%,7.72%,4.20%,1.75%,6.25%,5.54%,,,,,,,,,,,,,,,,,,,,,,,,,,,,,,,,,,,,,,,,,,,,,,,,,,,0.46%,4.18,,
3/31/1997,1.04%,1.05%,-1.24%,-2.91%,0.57%,-0.51%,2.13%,0.72%,0.00%,6.19%,3.30%,3.31%,0.58%,7.67%,4.35%,1.88%,6.40%,5.77%,,,,,,,,,,,,,,,,,,,,,,,,,,,,,,,,,,,,,,,,,,,,,,,,,,,0.46%,4.20,,
4/30/1997,-0.24%,-3.87%,-1.37%,-2.90%,0.04%,-4.13%,-2.54%,-1.16%,0.00%,6.06%,3.23%,3.44%,0.58%,7.00%,4.35%,1.81%,6.56%,5.82%,,,,,,,,,,,,,,,,,,,,,,,,,,,,,,,,,,,,,,,,,,,,,,,,,,,0.48%,4.22,,
5/30/1997,-2.57%,1.33%,1.13%,8.48%,-0.33%,1.40%,3.87%,0.87%,0.00%,5.56%,3.20%,3.31%,0.60%,7.07%,4.40%,1.13%,6.63%,5.81%,,,,,,,,,,,,,,,,,,,,,,,,,,,,,,,,,,,,,,,,,,,,,,,,,,,0.48%,4.24,,
6/30/1997,-1.64%,-2.35%,-0.28%,1.39%,-1.78%,-0.19%,-3.40%,1.76%,0.00%,5.44%,3.18%,3.50%,0.66%,6.88%,4.35%,1.44%,6.90%,5.78%,,,,,,,,,,,,,,,,,,,,,,,,,,,,,,,,,,,,,,,,,,,,,,,,,,,0.48%,4.26,,
7/31/1997,-0.55%,-5.38%,-0.40%,-3.82%,-4.45%,-3.06%,-3.99%,-1.57%,0.00%,5.05%,3.26%,3.68%,0.61%,8.15%,4.50%,1.56%,7.13%,5.71%,,,,,,,,,,,,,,,,,,,,,,,,,,,,,,,,,,,,,,,,,,,,,,,,,,,0.48%,4.28,,
8/29/1997,-1.47%,1.84%,-0.62%,-1.97%,-1.22%,1.34%,1.59%,-0.86%,0.00%,4.88%,3.35%,3.63%,0.57%,8.22%,4.50%,1.38%,7.31%,5.72%,,,,,,,,,,,,,,,,,,,,,,,,,,,,,,,,,,,,,,,,,,,,,,,,,,,0.48%,4.30,,
9/30/1997,-1.51%,1.71%,0.22%,-0.80%,0.43%,3.44%,1.81%,-0.27%,0.00%,4.81%,3.45%,3.72%,0.56%,7.89%,4.46%,1.59%,7.31%,5.77%,,,,,,,,,,,,,,,,,,,,,,,,,,,,,,,,,,,,,,,,,,,,,,,,,,,0.48%,4.32,,
10/31/1997,-2.77%,2.38%,-2.07%,-0.08%,-2.42%,1.20%,3.59%,3.95%,0.00%,4.88%,3.72%,3.94%,0.53%,8.06%,4.64%,1.96%,7.38%,5.75%,,,,,,,,,,,,,,,,,,,,,,,,,,,,,,,,,,,,,,,,,,,,,,,,,,,0.48%,4.34,,
11/28/1997,-2.99%,-2.59%,-1.15%,-6.10%,-0.90%,-3.16%,-2.33%,0.59%,0.00%,5.00%,4.09%,4.25%,0.59%,7.36%,4.75%,1.93%,7.75%,5.90%,,,,,,,,,,,,,,,,,,,,,,,,,,,,,,,,,,,,,,,,,,,,,,,,,,,0.48%,4.36,,
12/31/1997,-4.89%,-2.10%,-0.80%,-2.41%,-5.88%,-2.85%,-2.65%,-2.22%,0.00%,4.98%,3.92%,4.75%,0.77%,8.80%,4.88%,1.50%,7.69%,5.81%,,,,,,,,,,,,,,,,,,,,,,,,,,,,,,,,,,,,,,,,,,,,,,,,,,,0.49%,4.38,,
1/30/1998,5.10%,-1.82%,-2.20%,2.06%,0.88%,-2.24%,-1.48%,-0.50%,0.00%,5.06%,3.73%,4.73%,0.79%,9.00%,4.74%,1.19%,7.56%,5.63%,,,,,,,,,,,,,,,,,,,,,,,,,,,,,,,,,,,,,,,,,,,,,,,,,,,0.48%,4.40,,
2/27/1998,-0.64%,0.58%,2.64%,-0.02%,0.60%,1.21%,0.22%,0.85%,0.00%,5.00%,3.70%,4.94%,0.81%,8.95%,4.65%,1.00%,7.56%,5.68%,,,,,,,,,,,,,,,,,,,,,,,,,,,,,,,,,,,,,,,,,,,,,,,,,,,0.47%,4.42,,
3/31/1998,-2.74%,-2.08%,0.00%,-5.71%,-5.75%,0.06%,-4.23%,1.87%,0.00%,5.00%,3.67%,4.84%,0.71%,9.66%,4.61%,1.48%,7.61%,5.71%,,,,,,,,,,,,,,,,,,,,,,,,,,,,,,,,,,,,,,,,,,,,,,,,,,,0.47%,4.44,,
4/30/1998,-1.76%,2.89%,-0.66%,0.52%,0.94%,3.22%,1.30%,0.00%,0.00%,5.00%,3.72%,5.05%,0.62%,8.93%,4.62%,1.53%,7.50%,5.72%,,,,,,,,,,,,,,,,,,,,,,,,,,,,,,,,,,,,,,,,,,,,,,,,,,,0.48%,4.47,,
5/29/1998,-4.00%,0.51%,-1.75%,-5.05%,-3.39%,-1.27%,1.08%,-2.35%,0.00%,5.00%,3.67%,5.03%,0.55%,8.30%,4.55%,1.69%,7.50%,5.69%,,,,,,,,,,,,,,,,,,,,,,,,,,,,,,,,,,,,,,,,,,,,,,,,,,,0.48%,4.49,,
6/30/1998,-1.08%,-1.41%,-1.11%,-0.62%,-2.53%,-1.88%,-2.91%,2.47%,0.00%,5.30%,3.56%,5.01%,0.56%,7.88%,4.25%,2.16%,7.87%,5.69%,,,,,,,,,,,,,,,,,,,,,,,,,,,,,,,,,,,,,,,,,,,,,,,,,,,0.47%,4.51,,
7/31/1998,-1.97%,1.31%,-2.51%,-4.32%,-1.00%,0.39%,1.49%,-1.78%,0.00%,5.13%,3.53%,5.16%,0.65%,7.41%,4.25%,1.94%,7.76%,5.69%,,,,,,,,,,,,,,,,,,,,,,,,,,,,,,,,,,,,,,,,,,,,,,,,,,,0.47%,4.53,,
8/31/1998,-5.87%,0.67%,-3.75%,1.81%,-3.11%,-2.06%,2.75%,2.54%,0.00%,5.85%,3.50%,6.14%,0.63%,6.28%,4.40%,1.61%,7.63%,5.63%,,,,,,,,,,,,,,,,,,,,,,,,,,,,,,,,,,,,,,,,,,,,,,,,,,,0.47%,4.55,,
9/30/1998,3.48%,5.30%,2.50%,3.26%,1.05%,3.13%,4.13%,1.64%,0.00%,4.89%,3.56%,5.38%,0.45%,5.22%,4.29%,1.57%,7.37%,5.31%,,,,,,,,,,,,,,,,,,,,,,,,,,,,,,,,,,,,,,,,,,,,,,,,,,,0.47%,4.57,,
10/30/1998,5.07%,0.76%,-1.33%,16.42%,5.88%,0.16%,1.95%,-1.30%,0.00%,4.74%,3.60%,5.19%,0.40%,4.62%,4.07%,1.26%,7.18%,5.22%,,,,,,,,,,,,,,,,,,,,,,,,,,,,,,,,,,,,,,,,,,,,,,,,,,,0.44%,4.59,,
11/30/1998,1.02%,-2.19%,1.17%,-5.64%,-0.37%,-3.73%,-3.05%,-1.26%,0.00%,4.87%,3.65%,5.06%,0.42%,4.17%,3.69%,1.75%,6.88%,5.28%,,,,,,,,,,,,,,,,,,,,,,,,,,,,,,,,,,,,,,,,,,,,,,,,,,,0.43%,4.61,,
12/31/1998,-2.55%,1.36%,-0.49%,8.50%,-0.18%,-0.10%,0.95%,0.90%,0.00%,4.79%,3.24%,4.97%,0.54%,4.85%,3.56%,1.41%,6.26%,5.07%,,,,,,,,,,,,,,,,,,,,,,,,,,,,,,,,,,,,,,,,,,,,,,,,,,,0.44%,4.63,,
1/29/1999,2.40%,-3.46%,1.65%,-3.42%,2.01%,3.73%,-3.53%,-1.15%,0.00%,4.76%,3.07%,5.00%,0.48%,4.11%,3.34%,1.27%,5.82%,4.97%,,,,,,,,,,,,,,,,,,,,,,,,,,,,,,,,,,,,,,,,,,,,,,,,,,,0.42%,4.65,,
2/26/1999,-1.18%,-3.49%,0.09%,-2.34%,-2.79%,-5.09%,-2.34%,-2.41%,0.00%,4.80%,3.10%,5.06%,0.27%,4.61%,3.30%,1.26%,5.46%,5.03%,,,,,,,,,,,,,,,,,,,,,,,,,,,,,,,,,,,,,,,,,,,,,,,,,,,0.41%,4.67,,
3/31/1999,1.68%,-1.80%,-0.18%,-0.24%,1.69%,-0.25%,-2.42%,0.84%,0.00%,4.82%,2.97%,4.95%,0.19%,4.72%,3.05%,1.25%,5.32%,5.00%,,,,,,,,,,,,,,,,,,,,,,,,,,,,,,,,,,,,,,,,,,,,,,,,,,,0.42%,4.69,,
4/30/1999,4.95%,-2.14%,3.90%,-1.19%,4.91%,-2.41%,-3.08%,-0.26%,0.00%,4.83%,2.58%,4.72%,0.14%,4.64%,3.01%,0.99%,5.33%,4.99%,,,,,,,,,,,,,,,,,,,,,,,,,,,,,,,,,,,,,,,,,,,,,,,,,,,0.42%,4.71,,
5/31/1999,-2.13%,-1.63%,-1.40%,-2.40%,-4.57%,-2.51%,-0.54%,-0.39%,0.00%,4.89%,2.58%,4.80%,0.09%,4.71%,3.13%,1.02%,5.37%,5.07%,,,,,,,,,,,,,,,,,,,,,,,,,,,,,,,,,,,,,,,,,,,,,,,,,,,0.42%,4.73,,
6/30/1999,2.06%,-1.29%,-0.22%,0.25%,-0.82%,1.16%,-2.19%,-1.63%,0.00%,4.96%,2.67%,4.87%,0.13%,4.77%,3.16%,1.22%,5.19%,5.37%,,,,,,,,,,,,,,,,,,,,,,,,,,,,,,,,,,,,,,,,,,,,,,,,,,,0.42%,4.75,,
7/30/1999,-1.37%,3.56%,-1.43%,5.03%,0.02%,3.50%,3.81%,2.74%,0.00%,4.85%,2.69%,4.93%,0.10%,4.75%,3.26%,1.12%,5.27%,5.34%,,,,,,,,,,,,,,,,,,,,,,,,,,,,,,,,,,,,,,,,,,,,,,,,,,,0.45%,4.77,,
8/31/1999,-2.47%,-1.54%,0.54%,4.21%,-2.57%,-0.89%,-1.83%,-0.74%,0.00%,4.88%,2.70%,4.91%,0.09%,4.91%,3.18%,1.10%,5.22%,5.52%,,,,,,,,,,,,,,,,,,,,,,,,,,,,,,,,,,,,,,,,,,,,,,,,,,,0.45%,4.79,,
9/30/1999,2.44%,0.61%,1.54%,2.58%,-0.09%,0.55%,0.55%,2.39%,0.00%,5.16%,3.09%,5.12%,0.24%,5.06%,3.60%,1.92%,5.56%,6.08%,,,,,,,,,,,,,,,,,,,,,,,,,,,,,,,,,,,,,,,,,,,,,,,,,,,0.46%,4.81,,
10/29/1999,-2.42%,-1.57%,-0.15%,1.58%,-2.04%,-0.68%,-1.86%,-0.36%,0.00%,5.38%,3.49%,5.25%,0.28%,5.24%,3.80%,2.05%,6.00%,6.19%,,,,,,,,,,,,,,,,,,,,,,,,,,,,,,,,,,,,,,,,,,,,,,,,,,,0.51%,4.84,,
11/30/1999,-0.29%,-4.44%,-0.22%,1.64%,0.61%,-3.30%,-4.59%,-2.96%,0.00%,5.46%,3.45%,5.14%,0.33%,5.47%,3.62%,1.86%,6.00%,6.12%,,,,,,,,,,,,,,,,,,,,,,,,,,,,,,,,,,,,,,,,,,,,,,,,,,,0.52%,4.86,,
12/31/1999,2.83%,-0.70%,1.36%,-0.71%,2.24%,-0.74%,-1.01%,1.12%,0.00%,5.57%,3.34%,5.14%,0.19%,5.63%,3.62%,1.85%,6.08%,6.00%,,,,,,,,,,,,,,,,,,,,,,,,,,,,,,,,,,,,,,,,,,,,,,,,,,,0.51%,4.89,,
1/31/2000,-2.57%,-2.64%,0.09%,-4.86%,-5.12%,-3.09%,-3.01%,0.56%,0.00%,5.58%,3.49%,5.27%,0.13%,5.80%,3.90%,2.13%,6.23%,6.08%,,,,,,,,,,,,,,,,,,,,,,,,,,,,,,,,,,,,,,,,,,,,,,,,,,,0.50%,4.91,,
2/29/2000,-3.78%,-1.82%,-0.21%,-3.04%,-1.99%,0.11%,-1.80%,-2.62%,0.00%,5.73%,3.63%,5.25%,0.13%,6.11%,4.15%,2.44%,6.25%,6.11%,,,,,,,,,,,,,,,,,,,,,,,,,,,,,,,,,,,,,,,,,,,,,,,,,,,0.51%,4.94,,
3/31/2000,-1.21%,-0.80%,-0.11%,6.64%,2.29%,1.36%,-0.01%,1.08%,0.00%,5.93%,3.83%,5.44%,0.12%,6.40%,4.10%,2.86%,6.25%,6.29%,,,,,,,,,,,,,,,,,,,,,,,,,,,,,,,,,,,,,,,,,,,,,,,,,,,0.51%,4.96,,
4/28/2000,-3.93%,-4.98%,-2.10%,-5.54%,-2.14%,-3.66%,-3.65%,-1.91%,0.00%,6.15%,4.09%,5.67%,0.11%,6.66%,4.24%,3.24%,6.37%,6.50%,,,,,,,,,,,,,,,,,,,,,,,,,,,,,,,,,,,,,,,,,,,,,,,,,,,0.52%,4.99,,
5/31/2000,-2.25%,1.56%,-1.15%,-0.19%,-6.09%,-0.85%,1.24%,-4.51%,0.00%,6.18%,4.45%,6.02%,0.10%,6.91%,3.96%,3.16%,6.28%,6.86%,,,,,,,,,,,,,,,,,,,,,,,,,,,,,,,,,,,,,,,,,,,,,,,,,,,0.54%,5.02,,
6/30/2000,5.21%,3.16%,1.02%,1.18%,3.08%,2.54%,3.93%,1.23%,0.00%,6.16%,4.55%,5.92%,0.24%,6.85%,4.10%,3.40%,6.22%,6.77%,,,,,,,,,,,,,,,,,,,,,,,,,,,,,,,,,,,,,,,,,,,,,,,,,,,0.57%,5.04,,
7/31/2000,-3.65%,-3.55%,-0.35%,-4.00%,-3.52%,-4.64%,-2.88%,-1.14%,0.00%,6.22%,4.64%,5.87%,0.20%,6.87%,4.22%,3.44%,6.23%,6.72%,,,,,,,,,,,,,,,,,,,,,,,,,,,,,,,,,,,,,,,,,,,,,,,,,,,0.56%,5.07,,
8/31/2000,-0.26%,-4.27%,0.68%,2.18%,-5.79%,-3.03%,-4.52%,-2.92%,0.00%,6.50%,4.89%,5.85%,0.40%,6.72%,4.03%,3.49%,6.25%,6.68%,,,,,,,,,,,,,,,,,,,,,,,,,,,,,,,,,,,,,,,,,,,,,,,,,,,0.56%,5.10,,
9/29/2000,-6.32%,-0.90%,-2.05%,-1.80%,-5.07%,-2.24%,0.57%,1.61%,0.00%,6.55%,4.99%,5.85%,0.54%,6.65%,4.11%,3.59%,6.18%,6.81%,,,,,,,,,,,,,,,,,,,,,,,,,,,,,,,,,,,,,,,,,,,,,,,,,,,0.56%,5.13,,
10/31/2000,-4.34%,-4.14%,-1.57%,-1.58%,-2.40%,-4.08%,-4.16%,-1.85%,0.00%,6.38%,5.14%,5.84%,0.52%,6.65%,3.90%,3.49%,6.15%,6.76%,,,,,,,,,,,,,,,,,,,,,,,,,,,,,,,,,,,,,,,,,,,,,,,,,,,0.57%,5.16,,
11/30/2000,1.45%,2.58%,-0.69%,-1.96%,3.35%,-0.34%,3.32%,-2.44%,0.00%,6.24%,5.05%,5.84%,0.56%,6.67%,4.15%,3.48%,6.04%,6.72%,,,,,,,,,,,,,,,,,,,,,,,,,,,,,,,,,,,,,,,,,,,,,,,,,,,0.56%,5.19,,
12/29/2000,5.65%,7.73%,2.25%,-3.49%,7.91%,6.05%,6.82%,5.34%,0.00%,6.14%,4.85%,5.72%,0.55%,6.68%,4.15%,3.37%,5.90%,6.40%,,,,,,,,,,,,,,,,,,,,,,,,,,,,,,,,,,,,,,,,,,,,,,,,,,,0.56%,5.22,,
1/31/2001,-1.23%,-1.19%,-0.12%,-2.41%,0.00%,-1.33%,-1.83%,-2.36%,0.00%,5.66%,4.74%,5.36%,0.48%,6.41%,4.13%,3.42%,5.79%,5.42%,,,,,,,,,,,,,,,,,,,,,,,,,,,,,,,,,,,,,,,,,,,,,,,,,,,0.53%,5.25,,
2/28/2001,-4.59%,-1.20%,-1.93%,-1.26%,-3.12%,-3.24%,-2.02%,-1.29%,0.00%,5.38%,4.77%,5.03%,0.30%,6.43%,4.11%,3.43%,5.65%,5.05%,,,,,,,,,,,,,,,,,,,,,,,,,,,,,,,,,,,,,,,,,,,,,,,,,,,0.45%,5.27,,
3/30/2001,-6.85%,-3.86%,-2.81%,-6.81%,-5.59%,-4.76%,-3.08%,-1.39%,0.00%,4.95%,4.56%,4.76%,0.13%,6.18%,4.06%,3.33%,5.53%,4.88%,,,,,,,,,,,,,,,,,,,,,,,,,,,,,,,,,,,,,,,,,,,,,,,,,,,0.42%,5.29,,
4/30/2001,4.58%,0.15%,2.43%,0.99%,1.99%,0.31%,-0.70%,0.63%,0.00%,4.77%,4.81%,4.50%,0.08%,5.84%,4.11%,3.18%,5.34%,4.34%,,,,,,,,,,,,,,,,,,,,,,,,,,,,,,,,,,,,,,,,,,,,,,,,,,,0.41%,5.31,,
5/31/2001,-0.75%,-4.37%,-0.61%,3.59%,-0.78%,-4.66%,-3.43%,-0.65%,0.00%,4.93%,4.53%,4.49%,0.07%,5.82%,4.13%,3.21%,5.25%,3.99%,,,,,,,,,,,,,,,,,,,,,,,,,,,,,,,,,,,,,,,,,,,,,,,,,,,0.36%,5.33,,
6/29/2001,0.33%,-0.07%,1.91%,-5.04%,-1.49%,-1.08%,-0.25%,-0.91%,0.00%,4.95%,4.44%,4.50%,0.08%,5.83%,4.48%,3.24%,5.29%,3.84%,,,,,,,,,,,,,,,,,,,,,,,,,,,,,,,,,,,,,,,,,,,,,,,,,,,0.33%,5.35,,
7/31/2001,-0.10%,3.40%,-0.63%,-0.50%,2.46%,2.48%,3.99%,1.47%,0.00%,5.03%,4.45%,4.21%,0.09%,5.81%,4.42%,3.19%,5.25%,3.67%,,,,,,,,,,,,,,,,,,,,,,,,,,,,,,,,,,,,,,,,,,,,,,,,,,,0.32%,5.37,,
8/31/2001,3.82%,3.90%,-1.36%,4.63%,6.48%,1.75%,3.45%,1.89%,0.00%,4.75%,4.25%,3.96%,0.07%,5.84%,4.38%,3.16%,4.93%,3.46%,,,,,,,,,,,,,,,,,,,,,,,,,,,,,,,,,,,,,,,,,,,,,,,,,,,0.31%,5.38,,
9/28/2001,-6.17%,0.30%,-1.84%,-0.47%,-6.78%,-2.00%,3.27%,1.36%,0.00%,4.31%,3.65%,3.23%,0.09%,5.30%,3.88%,2.28%,4.53%,2.59%,,,,,,,,,,,,,,,,,,,,,,,,,,,,,,,,,,,,,,,,,,,,,,,,,,,0.29%,5.40,,
10/31/2001,2.35%,-1.05%,-0.34%,-2.95%,1.74%,0.36%,-1.05%,-0.88%,0.00%,4.21%,3.52%,2.49%,0.08%,4.96%,3.84%,2.09%,4.22%,2.20%,,,,,,,,,,,,,,,,,,,,,,,,,,,,,,,,,,,,,,,,,,,,,,,,,,,0.22%,5.41,,
11/30/2001,3.26%,-0.47%,0.99%,-0.79%,0.94%,-0.34%,-0.86%,-1.79%,0.00%,4.24%,3.36%,2.25%,0.08%,4.86%,3.88%,2.00%,4.02%,2.03%,,,,,,,,,,,,,,,,,,,,,,,,,,,,,,,,,,,,,,,,,,,,,,,,,,,0.18%,5.42,,
12/31/2001,-1.39%,-0.43%,-1.52%,-6.24%,0.39%,2.03%,-0.81%,2.23%,0.00%,4.20%,3.30%,2.10%,0.10%,4.89%,3.87%,1.84%,4.11%,1.88%,,,,,,,,,,,,,,,,,,,,,,,,,,,,,,,,,,,,,,,,,,,,,,,,,,,0.17%,5.43,,
1/31/2002,-0.83%,-3.22%,0.39%,-2.18%,0.14%,-1.26%,-3.00%,-2.73%,0.00%,4.28%,3.37%,2.11%,0.09%,4.90%,3.93%,1.70%,4.06%,1.88%,,,,,,,,,,,,,,,,,,,,,,,,,,,,,,,,,,,,,,,,,,,,,,,,,,,0.16%,5.44,,
2/28/2002,2.05%,0.59%,-0.87%,-0.17%,1.25%,1.83%,0.42%,0.24%,0.00%,4.29%,3.37%,2.13%,0.11%,5.00%,4.08%,1.74%,4.06%,1.90%,,,,,,,,,,,,,,,,,,,,,,,,,,,,,,,,,,,,,,,,,,,,,,,,,,,0.16%,5.45,,
3/29/2002,3.60%,0.98%,0.57%,0.79%,4.98%,1.21%,1.34%,0.85%,0.00%,4.62%,3.45%,2.39%,0.09%,5.56%,4.28%,1.64%,4.19%,2.03%,,,,,,,,,,,,,,,,,,,,,,,,,,,,,,,,,,,,,,,,,,,,,,,,,,,0.16%,5.45,,
4/30/2002,0.84%,3.41%,1.65%,3.05%,1.97%,0.97%,3.77%,2.54%,0.00%,4.58%,3.39%,2.48%,0.08%,5.78%,4.48%,1.57%,4.15%,1.92%,,,,,,,,,,,,,,,,,,,,,,,,,,,,,,,,,,,,,,,,,,,,,,,,,,,0.17%,5.46,,
5/31/2002,5.63%,3.81%,2.78%,3.31%,7.35%,5.73%,3.40%,0.57%,0.00%,5.01%,3.48%,2.73%,0.07%,5.87%,4.48%,1.23%,4.19%,1.90%,,,,,,,,,,,,,,,,,,,,,,,,,,,,,,,,,,,,,,,,,,,,,,,,,,,0.16%,5.47,,
6/28/2002,-0.63%,5.85%,0.52%,3.40%,1.70%,6.16%,5.23%,4.38%,0.00%,5.12%,3.44%,2.85%,0.07%,5.99%,4.53%,1.24%,4.15%,1.86%,,,,,,,,,,,,,,,,,,,,,,,,,,,,,,,,,,,,,,,,,,,,,,,,,,,0.16%,5.48,,
7/31/2002,-2.74%,-0.58%,-3.93%,-0.08%,-3.12%,-3.11%,0.43%,2.71%,0.00%,4.90%,3.38%,2.88%,0.07%,5.93%,4.47%,0.82%,4.00%,1.82%,,,,,,,,,,,,,,,,,,,,,,,,,,,,,,,,,,,,,,,,,,,,,,,,,,,0.16%,5.49,,
8/30/2002,1.50%,0.17%,1.64%,0.84%,0.09%,1.53%,-1.34%,-0.80%,0.00%,4.94%,3.35%,3.04%,0.06%,5.88%,4.43%,0.75%,4.01%,1.81%,,,,,,,,,,,,,,,,,,,,,,,,,,,,,,,,,,,,,,,,,,,,,,,,,,,,,,
9/30/2002,-1.11%,0.89%,-1.55%,-2.77%,0.62%,1.44%,1.76%,1.84%,0.00%,4.86%,3.29%,2.92%,0.07%,5.89%,4.41%,0.75%,3.94%,1.79%,,,,,,,,,,,,,,,,,,,,,,,,,,,,,,,,,,,,,,,,,,,,,,,,,,,,,,
10/31/2002,2.40%,0.32%,1.42%,-0.79%,4.00%,1.41%,-0.30%,-0.37%,0.00%,4.87%,3.26%,2.86%,0.07%,5.92%,4.33%,0.74%,3.95%,1.69%,,,,,,,,,,,,,,,,,,,,,,,,,,,,,,,,,,,,,,,,,,,,,,,,,,,,,,
11/29/2002,1.40%,0.58%,0.01%,-0.14%,2.95%,1.29%,-0.58%,-0.37%,0.00%,4.78%,3.04%,2.85%,0.07%,5.93%,4.12%,0.75%,4.03%,1.43%,,,,,,,,,,,,,,,,,,,,,,,,,,,,,,,,,,,,,,,,,,,,,,,,,,,,,,
12/31/2002,0.60%,5.66%,-0.71%,3.07%,5.25%,4.28%,7.23%,3.69%,0.00%,4.75%,2.86%,2.83%,0.07%,5.95%,3.88%,0.62%,4.02%,1.38%,,,,,,,,,,,,,,,,,,,,,,,,,,,,,,,,,,,,,,,,,,,,,,,,,,,,,,
1/31/2003,4.42%,2.44%,3.27%,-1.19%,4.49%,1.39%,1.03%,2.33%,0.00%,4.77%,2.80%,2.93%,0.06%,5.84%,3.87%,0.60%,3.96%,1.35%,,,,,,,,,,,,,,,,,,,,,,,,,,,,,,,,,,,,,,,,,,,,,,,,,,,,,,
2/28/2003,3.76%,0.51%,2.91%,1.36%,2.58%,1.39%,0.80%,-4.00%,0.00%,4.72%,2.53%,3.07%,0.06%,5.78%,3.75%,0.57%,3.68%,1.34%,,,,,,,,,,,,,,,,,,,,,,,,,,,,,,,,,,,,,,,,,,,,,,,,,,,,,,
3/31/2003,-0.12%,1.38%,1.45%,-0.42%,-0.03%,0.56%,0.27%,0.57%,0.00%,4.74%,2.52%,3.28%,0.06%,5.81%,3.64%,0.31%,3.66%,1.28%,,,,,,,,,,,,,,,,,,,,,,,,,,,,,,,,,,,,,,,,,,,,,,,,,,,,,,
4/30/2003,3.82%,2.38%,2.69%,-0.66%,1.34%,3.87%,-0.43%,1.32%,0.00%,4.73%,2.53%,3.37%,0.06%,5.49%,3.61%,0.31%,3.62%,1.31%,,,,,,,,,,,,,,,,,,,,,,,,,,,,,,,,,,,,,,,,,,,,,,,,,,,,,,
5/30/2003,4.48%,5.52%,4.66%,-0.40%,3.59%,5.52%,4.05%,2.71%,0.00%,4.74%,2.27%,3.31%,0.06%,5.25%,3.26%,0.28%,3.63%,1.28%,,,,,,,,,,,,,,,,,,,,,,,,,,,,,,,,,,,,,,,,,,,,,,,,,,,,,,
6/30/2003,3.24%,-2.26%,1.27%,-0.46%,1.79%,-2.79%,-3.91%,0.94%,0.00%,4.57%,2.14%,3.22%,0.06%,5.23%,2.99%,0.29%,3.64%,1.12%,,,,,,,,,,,,,,,,,,,,,,,,,,,,,,,,,,,,,,,,,,,,,,,,,,,,,,
7/31/2003,-3.11%,-1.90%,-3.31%,-0.50%,-0.63%,-2.37%,-1.41%,-2.37%,0.00%,4.72%,2.12%,2.94%,0.05%,5.05%,2.91%,0.29%,3.44%,1.11%,,,,,,,,,,,,,,,,,,,,,,,,,,,,,,,,,,,,,,,,,,,,,,,,,,,,,,
8/29/2003,0.17%,-2.38%,1.69%,3.22%,-0.12%,-1.64%,-2.03%,-1.41%,0.00%,4.82%,2.15%,2.85%,0.06%,5.14%,2.95%,0.27%,3.63%,1.14%,,,,,,,,,,,,,,,,,,,,,,,,,,,,,,,,,,,,,,,,,,,,,,,,,,,,,,
9/30/2003,4.91%,6.18%,2.96%,4.35%,3.24%,8.26%,5.99%,5.25%,0.00%,4.87%,2.13%,2.73%,0.06%,5.19%,2.90%,0.25%,3.73%,1.16%,,,,,,,,,,,,,,,,,,,,,,,,,,,,,,,,,,,,,,,,,,,,,,,,,,,,,,
10/31/2003,5.18%,-0.09%,2.53%,1.51%,3.82%,-0.69%,-1.19%,2.35%,0.00%,5.00%,2.16%,2.76%,0.06%,5.23%,2.93%,0.25%,3.95%,1.17%,,,,,,,,,,,,,,,,,,,,,,,,,,,,,,,,,,,,,,,,,,,,,,,,,,,,,,
11/28/2003,2.28%,3.20%,1.51%,0.30%,4.32%,3.39%,3.23%,1.57%,0.00%,5.36%,2.15%,2.80%,0.06%,5.42%,2.90%,0.27%,3.98%,1.17%,,,,,,,,,,,,,,,,,,,,,,,,,,,,,,,,,,,,,,,,,,,,,,,,,,,,,,
12/31/2003,4.49%,5.33%,0.76%,2.06%,3.11%,5.16%,4.45%,4.33%,0.00%,5.45%,2.12%,2.72%,0.06%,5.37%,2.90%,0.26%,4.04%,1.15%,,,,,,,,,,,,,,,,,,,,,,,,,,,,,,,,,,,,,,,,,,,,,,,,,,,,,,
1/30/2004,1.36%,-1.43%,-2.72%,1.14%,2.45%,-2.75%,-1.96%,1.92%,0.00%,5.60%,2.09%,2.46%,0.05%,5.56%,2.72%,0.25%,4.15%,1.13%,,,,,,,,,,,,,,,,,,,,,,,,,,,,,,,,,,,,,,,,,,,,,,,,,,,,,,
2/27/2004,1.72%,0.09%,-0.73%,-3.20%,2.59%,-0.33%,-0.82%,2.16%,0.00%,5.56%,2.05%,2.25%,0.05%,5.61%,2.59%,0.26%,4.20%,1.12%,,,,,,,,,,,,,,,,,,,,,,,,,,,,,,,,,,,,,,,,,,,,,,,,,,,,,,
3/31/2004,-0.65%,-0.99%,2.22%,4.92%,-2.48%,-1.12%,0.17%,-0.70%,0.00%,5.45%,1.96%,2.12%,0.05%,5.53%,2.30%,0.25%,4.38%,1.11%,,,,,,,,,,,,,,,,,,,,,,,,,,,,,,,,,,,,,,,,,,,,,,,,,,,,,,
4/30/2004,-5.08%,-2.39%,-4.35%,-5.82%,-5.75%,-1.19%,-2.36%,-3.27%,0.00%,5.55%,2.07%,2.09%,0.05%,5.78%,2.20%,0.27%,4.43%,1.18%,,,,,,,,,,,,,,,,,,,,,,,,,,,,,,,,,,,,,,,,,,,,,,,,,,,,,,
5/31/2004,-0.80%,1.96%,0.87%,-0.25%,0.86%,2.57%,3.29%,3.69%,0.00%,5.43%,2.09%,2.13%,0.05%,5.99%,2.20%,0.26%,4.66%,1.32%,,,,,,,,,,,,,,,,,,,,,,,,,,,,,,,,,,,,,,,,,,,,,,,,,,,,,,
6/30/2004,-2.06%,-0.30%,1.87%,1.18%,1.44%,-0.97%,0.08%,-0.82%,0.00%,5.46%,2.12%,2.16%,0.05%,6.20%,2.20%,0.50%,4.84%,1.61%,,,,,,,,,,,,,,,,,,,,,,,,,,,,,,,,,,,,,,,,,,,,,,,,,,,,,,
7/30/2004,0.86%,-0.99%,0.93%,-2.23%,0.16%,-1.78%,-2.20%,0.52%,0.00%,5.41%,2.12%,2.18%,0.05%,6.33%,2.21%,0.53%,4.94%,1.70%,,,,,,,,,,,,,,,,,,,,,,,,,,,,,,,,,,,,,,,,,,,,,,,,,,,,,,
8/31/2004,1.19%,0.99%,0.92%,1.43%,3.95%,2.20%,0.80%,-0.80%,0.00%,5.39%,2.11%,2.32%,0.05%,6.46%,2.21%,0.62%,4.96%,1.80%,,,,,,,,,,,,,,,,,,,,,,,,,,,,,,,,,,,,,,,,,,,,,,,,,,,,,,
9/30/2004,2.92%,2.25%,4.17%,-0.56%,3.39%,3.24%,1.47%,0.88%,0.00%,5.37%,2.15%,2.55%,0.05%,6.75%,2.21%,0.70%,4.92%,2.02%,,,,,,,,,,,,,,,,,,,,,,,,,,,,,,,,,,,,,,,,,,,,,,,,,,,,,,
10/29/2004,3.43%,2.45%,3.81%,3.64%,1.64%,2.39%,3.83%,1.52%,0.00%,5.38%,2.15%,2.70%,0.05%,6.77%,2.20%,0.73%,4.90%,2.17%,,,,,,,,,,,,,,,,,,,,,,,,,,,,,,,,,,,,,,,,,,,,,,,,,,,,,,
11/30/2004,4.18%,4.51%,2.64%,3.14%,5.14%,5.73%,5.48%,4.58%,0.00%,5.34%,2.17%,2.70%,0.05%,6.67%,2.19%,0.74%,4.86%,2.41%,,,,,,,,,,,,,,,,,,,,,,,,,,,,,,,,,,,,,,,,,,,,,,,,,,,,,,
12/31/2004,1.30%,2.27%,-0.73%,0.10%,1.19%,1.25%,-0.06%,0.65%,0.00%,5.36%,2.15%,2.65%,0.05%,6.75%,2.17%,0.72%,4.89%,2.56%,,,,,,,,,,,,,,,,,,,,,,,,,,,,,,,,,,,,,,,,,,,,,,,,,,,,,,
1/31/2005,-0.89%,-4.12%,-3.42%,-1.15%,-1.19%,-4.92%,-4.46%,-1.56%,0.00%,5.44%,2.14%,2.62%,0.05%,6.77%,2.14%,0.75%,4.87%,2.75%,,,,,,,,,,,,,,,,,,,,,,,,,,,,,,,,,,,,,,,,,,,,,,,,,,,,,,
2/28/2005,2.66%,1.80%,0.95%,-0.99%,2.85%,2.36%,2.49%,2.27%,0.00%,5.70%,2.14%,2.62%,0.05%,6.84%,2.11%,0.76%,4.96%,2.92%,,,,,,,,,,,,,,,,,,,,,,,,,,,,,,,,,,,,,,,,,,,,,,,,,,,,,,
3/31/2005,-2.33%,-2.14%,1.59%,-2.74%,-1.91%,-3.18%,-3.02%,-1.69%,0.00%,5.83%,2.14%,2.70%,0.05%,7.08%,2.12%,0.78%,4.98%,3.12%,,,,,,,,,,,,,,,,,,,,,,,,,,,,,,,,,,,,,,,,,,,,,,,,,,,,,,
4/29/2005,1.19%,-0.74%,-3.62%,1.72%,3.03%,-1.22%,-0.05%,1.23%,0.00%,5.63%,2.13%,2.62%,0.05%,6.98%,2.09%,0.76%,4.94%,3.21%,,,,,,,,,,,,,,,,,,,,,,,,,,,,,,,,,,,,,,,,,,,,,,,,,,,,,,
5/31/2005,-2.73%,-4.45%,0.02%,-2.92%,-3.21%,-3.88%,-4.59%,-4.44%,0.00%,5.62%,2.13%,2.62%,0.05%,7.01%,2.06%,0.75%,4.87%,3.34%,,,,,,,,,,,,,,,,,,,,,,,,,,,,,,,,,,,,,,,,,,,,,,,,,,,,,,
6/30/2005,0.80%,-2.03%,2.37%,-2.99%,-1.16%,-5.23%,-3.02%,-1.48%,0.00%,5.60%,2.11%,2.62%,0.06%,7.03%,1.65%,0.75%,4.75%,3.52%,,,,,,,,,,,,,,,,,,,,,,,,,,,,,,,,,,,,,,,,,,,,,,,,,,,,,,
7/29/2005,-0.10%,0.23%,-0.15%,-1.42%,-1.52%,0.51%,-0.52%,-1.67%,0.00%,5.58%,2.13%,2.72%,0.06%,7.03%,1.65%,0.76%,4.62%,3.70%,,,,,,,,,,,,,,,,,,,,,,,,,,,,,,,,,,,,,,,,,,,,,,,,,,,,,,
8/31/2005,-0.99%,1.13%,3.11%,0.55%,1.66%,1.99%,1.87%,2.26%,0.00%,5.57%,2.13%,2.88%,0.06%,7.05%,1.67%,0.76%,4.59%,3.87%,,,,,,,,,,,,,,,,,,,,,,,,,,,,,,,,,,,,,,,,,,,,,,,,,,,,,,
9/30/2005,1.86%,-2.08%,2.31%,-2.23%,0.41%,-1.91%,-2.62%,-1.55%,0.00%,5.58%,2.17%,3.03%,0.06%,7.21%,1.70%,0.79%,4.60%,4.07%,,,,,,,,,,,,,,,,,,,,,,,,,,,,,,,,,,,,,,,,,,,,,,,,,,,,,,
10/31/2005,-2.02%,-0.81%,-1.69%,-2.97%,1.21%,-3.14%,-0.42%,0.13%,0.00%,5.58%,2.27%,3.21%,0.06%,7.37%,1.70%,0.85%,4.61%,4.26%,,,,,,,,,,,,,,,,,,,,,,,,,,,,,,,,,,,,,,,,,,,,,,,,,,,,,,
11/30/2005,-0.83%,-1.73%,0.86%,-3.02%,0.67%,-1.62%,-2.05%,-2.23%,0.00%,5.57%,2.48%,3.39%,0.06%,7.69%,1.75%,1.01%,4.62%,4.42%,,,,,,,,,,,,,,,,,,,,,,,,,,,,,,,,,,,,,,,,,,,,,,,,,,,,,,
12/30/2005,-0.79%,-0.12%,-0.06%,0.97%,-2.84%,1.27%,-0.55%,-0.77%,0.00%,5.58%,2.49%,3.49%,0.07%,7.68%,1.97%,1.01%,4.64%,4.54%,,,,,,,,,,,,,,,,,,,,,,,,,,,,,,,,,,,,,,,,,,,,,,,,,,,,,,
1/31/2006,3.25%,2.80%,2.09%,0.46%,0.88%,4.30%,2.59%,3.56%,0.00%,5.57%,2.55%,3.68%,0.07%,7.56%,2.10%,1.02%,4.60%,4.68%,,,,,,,,,,,,,,,,,,,,,,,,,,,,,,,,,,,,,,,,,,,,,,,,,,,,,,
2/28/2006,-1.73%,-1.99%,0.39%,0.72%,-3.16%,-4.04%,-2.61%,-1.48%,0.00%,5.54%,2.66%,3.86%,0.09%,7.51%,2.18%,1.18%,4.58%,4.82%,,,,,,,,,,,,,,,,,,,,,,,,,,,,,,,,,,,,,,,,,,,,,,,,,,,,,,
3/31/2006,-3.95%,1.32%,-2.54%,-2.23%,-7.47%,1.38%,0.07%,-0.98%,0.00%,5.54%,2.82%,3.97%,0.11%,7.46%,2.27%,1.25%,4.61%,5.00%,,,,,,,,,,,,,,,,,,,,,,,,,,,,,,,,,,,,,,,,,,,,,,,,,,,,,,
4/28/2006,6.47%,3.96%,4.03%,2.97%,4.25%,5.35%,4.80%,4.78%,0.00%,5.73%,2.85%,4.17%,0.11%,7.50%,2.28%,1.34%,4.67%,5.13%,,,,,,,,,,,,,,,,,,,,,,,,,,,,,,,,,,,,,,,,,,,,,,,,,,,,,,
5/31/2006,-0.62%,1.76%,1.70%,1.40%,0.20%,2.09%,2.02%,2.92%,0.00%,5.82%,2.93%,4.30%,0.30%,7.48%,2.39%,1.42%,4.71%,5.24%,,,,,,,,,,,,,,,,,,,,,,,,,,,,,,,,,,,,,,,,,,,,,,,,,,,,,,
6/30/2006,-1.37%,-0.65%,-1.09%,-2.34%,-3.84%,-0.07%,-1.12%,-1.20%,0.00%,5.93%,3.06%,4.39%,0.36%,7.46%,2.51%,1.52%,4.75%,5.48%,,,,,,,,,,,,,,,,,,,,,,,,,,,,,,,,,,,,,,,,,,,,,,,,,,,,,,
7/31/2006,3.17%,-0.41%,-1.70%,-0.55%,1.20%,-0.49%,-0.87%,0.87%,0.00%,6.12%,3.16%,4.30%,0.41%,7.47%,2.59%,1.55%,4.78%,5.47%,,,,,,,,,,,,,,,,,,,,,,,,,,,,,,,,,,,,,,,,,,,,,,,,,,,,,,
8/31/2006,-0.29%,0.09%,1.75%,-2.89%,6.38%,-0.46%,-0.48%,1.80%,0.00%,6.10%,3.26%,4.31%,0.40%,7.49%,2.78%,1.68%,4.98%,5.40%,,,,,,,,,,,,,,,,,,,,,,,,,,,,,,,,,,,,,,,,,,,,,,,,,,,,,,
9/29/2006,-2.23%,-1.23%,-0.62%,-1.04%,-0.09%,-1.53%,-1.99%,-1.85%,0.00%,6.14%,3.42%,4.28%,0.43%,7.61%,2.88%,1.81%,5.07%,5.37%,,,,,,,,,,,,,,,,,,,,,,,,,,,,,,,,,,,,,,,,,,,,,,,,,,,,,,
10/31/2006,3.76%,0.59%,-0.53%,0.37%,2.75%,1.26%,0.53%,2.07%,0.00%,6.30%,3.57%,4.29%,0.44%,7.56%,3.03%,1.86%,5.19%,5.37%,,,,,,,,,,,,,,,,,,,,,,,,,,,,,,,,,,,,,,,,,,,,,,,,,,,,,,
11/30/2006,2.10%,3.69%,-1.98%,0.85%,2.46%,5.35%,3.50%,3.12%,0.00%,6.33%,3.64%,4.26%,0.51%,7.61%,3.14%,1.95%,5.25%,5.37%,,,,,,,,,,,,,,,,,,,,,,,,,,,,,,,,,,,,,,,,,,,,,,,,,,,,,,
12/29/2006,-0.08%,-0.67%,-1.96%,-3.35%,3.19%,-0.22%,-2.16%,-0.53%,0.00%,6.36%,3.72%,4.28%,0.57%,7.75%,3.28%,2.10%,5.32%,5.36%,,,,,,,,,,,,,,,,,,,,,,,,,,,,,,,,,,,,,,,,,,,,,,,,,,,,,,
1/31/2007,-1.64%,-1.60%,-1.52%,-1.89%,-2.33%,-1.99%,-2.47%,-0.02%,0.00%,6.32%,3.78%,4.29%,0.52%,7.67%,3.44%,2.19%,5.59%,5.36%,,,,,,,,,,,,,,,,,,,,,,,,,,,,,,,,,,,,,,,,,,,,,,,,,,,,,,
2/28/2007,1.80%,1.53%,0.60%,1.72%,2.07%,-0.86%,1.95%,0.13%,0.00%,6.31%,3.85%,4.27%,0.71%,7.78%,3.43%,2.22%,5.53%,5.35%,,,,,,,,,,,,,,,,,,,,,,,,,,,,,,,,,,,,,,,,,,,,,,,,,,,,,,
3/30/2007,2.61%,0.63%,1.55%,-0.06%,2.31%,-0.18%,-0.26%,0.08%,0.00%,6.45%,3.93%,4.27%,0.67%,7.93%,3.44%,2.30%,5.62%,5.35%,,,,,,,,,,,,,,,,,,,,,,,,,,,,,,,,,,,,,,,,,,,,,,,,,,,,,,
4/30/2007,3.16%,2.41%,4.32%,-1.58%,4.12%,4.43%,0.92%,1.98%,0.00%,6.32%,4.02%,4.28%,0.67%,8.07%,3.60%,2.35%,5.73%,5.36%,,,,,,,,,,,,,,,,,,,,,,,,,,,,,,,,,,,,,,,,,,,,,,,,,,,,,,
5/31/2007,-0.48%,-1.53%,3.29%,-2.30%,-0.53%,-3.12%,-1.79%,-1.08%,0.00%,6.30%,4.12%,4.38%,0.69%,8.13%,3.61%,2.47%,5.81%,5.36%,,,,,,,,,,,,,,,,,,,,,,,,,,,,,,,,,,,,,,,,,,,,,,,,,,,,,,
6/29/2007,2.59%,0.26%,0.41%,-1.72%,5.00%,0.64%,-0.29%,1.43%,0.00%,6.36%,4.17%,4.57%,0.76%,8.36%,3.72%,2.70%,6.00%,5.36%,,,,,,,,,,,,,,,,,,,,,,,,,,,,,,,,,,,,,,,,,,,,,,,,,,,,,,
7/31/2007,1.06%,1.26%,-0.45%,3.34%,-0.27%,1.63%,1.63%,1.33%,0.00%,6.52%,4.26%,4.67%,0.78%,8.56%,3.84%,2.71%,6.04%,5.36%,,,,,,,,,,,,,,,,,,,,,,,,,,,,,,,,,,,,,,,,,,,,,,,,,,,,,,
8/31/2007,-4.97%,-0.50%,0.86%,2.31%,-8.51%,-2.33%,-0.63%,-0.70%,0.00%,6.90%,4.74%,5.05%,0.97%,8.62%,4.07%,2.90%,6.69%,5.62%,,,,,,,,,,,,,,,,,,,,,,,,,,,,,,,,,,,,,,,,,,,,,,,,,,,,,,
9/28/2007,8.84%,4.18%,6.44%,0.36%,7.91%,6.28%,3.13%,1.09%,0.00%,6.87%,4.79%,4.95%,1.03%,8.79%,4.28%,2.79%,6.30%,5.23%,,,,,,,,,,,,,,,,,,,,,,,,,,,,,,,,,,,,,,,,,,,,,,,,,,,,,,
10/31/2007,4.82%,1.65%,4.58%,-0.65%,2.08%,1.55%,0.53%,2.01%,0.00%,7.03%,4.60%,4.83%,0.90%,8.65%,4.45%,2.75%,6.28%,4.89%,,,,,,,,,,,,,,,,,,,,,,,,,,,,,,,,,,,,,,,,,,,,,,,,,,,,,,
11/30/2007,-4.40%,1.44%,-5.00%,3.59%,-0.01%,-0.47%,2.49%,-0.93%,0.00%,7.27%,4.81%,5.03%,0.99%,8.86%,4.74%,2.75%,6.61%,5.13%,,,,,,,,,,,,,,,,,,,,,,,,,,,,,,,,,,,,,,,,,,,,,,,,,,,,,,
12/31/2007,-0.60%,-0.44%,1.29%,-1.12%,0.65%,-1.23%,-0.55%,-3.05%,0.00%,7.16%,4.68%,4.56%,0.90%,8.88%,4.67%,2.76%,5.99%,4.70%,,,,,,,,,,,,,,,,,,,,,,,,,,,,,,,,,,,,,,,,,,,,,,,,,,,,,,
1/31/2008,1.62%,1.06%,-2.29%,4.52%,2.02%,0.80%,4.02%,-0.20%,0.00%,7.30%,4.38%,3.97%,0.87%,8.70%,4.46%,2.65%,5.58%,3.11%,,,,,,,,,,,,,,,,,,,,,,,,,,,,,,,,,,,,,,,,,,,,,,,,,,,,,,
2/29/2008,5.11%,2.61%,3.03%,1.94%,2.76%,3.80%,3.85%,0.21%,0.00%,7.94%,4.39%,3.85%,0.96%,8.83%,4.76%,2.80%,5.74%,3.06%,,,,,,,,,,,,,,,,,,,,,,,,,,,,,,,,,,,,,,,,,,,,,,,,,,,,,,
3/31/2008,-1.97%,4.54%,-4.50%,4.45%,-1.44%,4.21%,5.50%,0.19%,0.00%,7.87%,4.73%,3.60%,0.91%,8.88%,4.83%,2.89%,6.01%,2.69%,,,,,,,,,,,,,,,,,,,,,,,,,,,,,,,,,,,,,,,,,,,,,,,,,,,,,,
4/30/2008,3.68%,-1.61%,2.01%,-4.89%,-0.07%,-0.88%,-5.00%,-0.07%,0.00%,7.85%,4.86%,3.49%,0.92%,8.89%,4.93%,2.81%,5.84%,2.85%,,,,,,,,,,,,,,,,,,,,,,,,,,,,,,,,,,,,,,,,,,,,,,,,,,,,,,
5/30/2008,1.58%,-0.06%,1.37%,-1.21%,0.67%,-0.03%,-0.35%,-0.02%,0.00%,7.78%,4.86%,3.38%,0.92%,8.72%,5.00%,2.78%,5.87%,2.68%,,,,,,,,,,,,,,,,,,,,,,,,,,,,,,,,,,,,,,,,,,,,,,,,,,,,,,
6/30/2008,1.05%,1.51%,-2.03%,-0.64%,-2.29%,-0.01%,2.58%,0.93%,0.00%,7.81%,4.95%,3.44%,0.93%,8.64%,4.99%,2.79%,5.95%,2.78%,,,,,,,,,,,,,,,,,,,,,,,,,,,,,,,,,,,,,,,,,,,,,,,,,,,,,,
7/31/2008,-1.61%,-0.84%,-1.04%,-2.08%,-3.32%,-0.45%,-2.84%,-0.23%,0.00%,7.78%,4.96%,3.34%,0.90%,8.28%,5.10%,2.76%,5.78%,2.79%,,,,,,,,,,,,,,,,,,,,,,,,,,,,,,,,,,,,,,,,,,,,,,,,,,,,,,
8/29/2008,-8.07%,-5.50%,-3.21%,-0.58%,-3.46%,-5.63%,-4.62%,-7.72%,0.00%,7.29%,4.96%,3.35%,0.88%,8.17%,5.18%,2.75%,5.75%,2.81%,,,,,,,,,,,,,,,,,,,,,,,,,,,,,,,,,,,,,,,,,,,,,,,,,,,,,,
9/30/2008,-7.78%,-4.01%,-0.03%,2.35%,-4.57%,-7.39%,-1.84%,-1.78%,0.00%,7.80%,5.27%,4.21%,1.02%,7.82%,5.49%,2.96%,6.30%,4.05%,,,,,,,,,,,,,,,,,,,,,,,,,,,,,,,,,,,,,,,,,,,,,,,,,,,,,,
10/31/2008,-16.25%,-9.89%,-12.70%,7.42%,-12.67%,-10.55%,-4.27%,-9.38%,0.00%,6.50%,4.77%,3.09%,0.94%,7.15%,4.70%,2.72%,5.84%,3.03%,,,,,,,,,,,,,,,,,,,,,,,,,,,,,,,,,,,,,,,,,,,,,,,,,,,,,,
11/28/2008,-0.99%,0.18%,-2.03%,3.17%,-5.39%,-3.67%,-3.78%,-4.77%,0.00%,5.16%,3.85%,2.66%,0.94%,5.81%,4.35%,1.26%,3.91%,2.22%,,,,,,,,,,,,,,,,,,,,,,,,,,,,,,,,,,,,,,,,,,,,,,,,,,,,,,
12/31/2008,7.09%,9.57%,0.51%,4.88%,6.93%,2.27%,13.78%,-6.31%,0.00%,4.83%,2.89%,2.18%,0.83%,5.12%,2.48%,0.66%,2.77%,1.43%,,,,,,,,,,,,,,,,,,,,,,,,,,,,,,,,,,,,,,,,,,,,,,,,,,,,,,
1/30/2009,-8.39%,-7.66%,-0.50%,0.90%,-12.84%,-4.71%,-8.38%,0.30%,0.00%,3.88%,2.09%,1.62%,0.67%,3.66%,2.03%,0.53%,2.17%,1.18%,,,,,,,,,,,,,,,,,,,,,,,,,,,,,,,,,,,,,,,,,,,,,,,,,,,,,,
2/27/2009,0.55%,-0.84%,-2.24%,-8.30%,-1.05%,-7.70%,-0.35%,-1.04%,0.00%,3.79%,1.83%,1.35%,0.64%,3.20%,1.23%,0.50%,2.05%,1.26%,,,,,,,,,,,,,,,,,,,,,,,,,,,,,,,,,,,,,,,,,,,,,,,,,,,,,,
3/31/2009,9.04%,4.54%,0.85%,-1.04%,14.31%,8.75%,2.40%,0.56%,0.00%,3.67%,1.51%,1.00%,0.60%,3.28%,1.13%,0.40%,1.65%,1.19%,,,,,,,,,,,,,,,,,,,,,,,,,,,,,,,,,,,,,,,,,,,,,,,,,,,,,,
4/30/2009,5.87%,-0.22%,5.89%,0.34%,-0.12%,2.56%,-0.29%,3.34%,0.00%,3.54%,1.36%,0.85%,0.55%,2.83%,0.94%,0.40%,1.45%,1.02%,,,,,,,,,,,,,,,,,,,,,,,,,,,,,,,,,,,,,,,,,,,,,,,,,,,,,,
5/29/2009,9.15%,6.82%,8.39%,3.04%,12.81%,6.29%,6.74%,8.78%,0.00%,3.44%,1.27%,0.70%,0.52%,2.75%,0.95%,0.40%,1.28%,0.66%,,,,,,,,,,,,,,,,,,,,,,,,,,,,,,,,,,,,,,,,,,,,,,,,,,,,,,
6/30/2009,0.95%,-0.78%,-5.66%,-1.12%,1.37%,-2.13%,-1.97%,2.19%,0.00%,3.50%,1.10%,0.60%,0.46%,2.81%,0.95%,0.40%,1.19%,0.60%,,,,,,,,,,,,,,,,,,,,,,,,,,,,,,,,,,,,,,,,,,,,,,,,,,,,,,
7/31/2009,3.04%,1.09%,7.36%,1.34%,1.76%,6.36%,1.01%,0.67%,0.00%,3.38%,0.86%,0.60%,0.41%,2.80%,0.62%,0.36%,0.89%,0.48%,,,,,,,,,,,,,,,,,,,,,,,,,,,,,,,,,,,,,,,,,,,,,,,,,,,,,,
8/31/2009,1.91%,1.22%,-1.59%,2.54%,4.46%,2.64%,1.79%,-1.68%,0.00%,3.40%,0.80%,0.56%,0.39%,2.75%,0.61%,0.32%,0.69%,0.35%,,,,,,,,,,,,,,,,,,,,,,,,,,,,,,,,,,,,,,,,,,,,,,,,,,,,,,
9/30/2009,4.97%,1.86%,2.36%,3.60%,5.64%,1.54%,1.83%,-1.87%,0.00%,3.42%,0.71%,0.50%,0.35%,2.80%,0.53%,0.29%,0.54%,0.29%,,,,,,,,,,,,,,,,,,,,,,,,,,,,,,,,,,,,,,,,,,,,,,,,,,,,,,
10/30/2009,3.16%,0.97%,-0.57%,-1.76%,0.71%,-0.68%,1.22%,3.27%,0.00%,3.92%,0.67%,0.50%,0.33%,2.79%,0.48%,0.26%,0.59%,0.28%,,,,,,,,,,,,,,,,,,,,,,,,,,,,,,,,,,,,,,,,,,,,,,,,,,,,,,
11/30/2009,1.03%,1.71%,2.39%,5.72%,-1.43%,0.66%,2.06%,-0.59%,0.00%,3.95%,0.68%,0.50%,0.30%,2.78%,0.48%,0.25%,0.61%,0.26%,,,,,,,,,,,,,,,,,,,,,,,,,,,,,,,,,,,,,,,,,,,,,,,,,,,,,,
12/31/2009,-1.48%,-4.40%,0.53%,-7.45%,1.91%,-2.16%,-2.90%,-1.62%,0.00%,4.10%,0.66%,0.47%,0.28%,2.81%,0.48%,0.25%,0.61%,0.25%,,,,,,,,,,,,,,,,,,,,,,,,,,,,,,,,,,,,,,,,,,,,,,,,,,,,,,
1/29/2010,-0.86%,-3.13%,-1.34%,2.67%,-2.87%,-2.71%,-1.98%,-0.74%,0.00%,4.21%,0.61%,0.44%,0.26%,2.77%,0.48%,0.25%,0.62%,0.25%,,,,,,,,,,,,,,,,,,,,,,,,,,,,,,,,,,,,,,,,,,,,,,,,,,,,,,
2/26/2010,1.05%,-1.79%,0.57%,1.98%,-0.77%,3.20%,-1.73%,-4.99%,0.00%,4.15%,0.60%,0.40%,0.25%,2.72%,0.48%,0.25%,0.64%,0.25%,,,,,,,,,,,,,,,,,,,,,,,,,,,,,,,,,,,,,,,,,,,,,,,,,,,,,,
3/31/2010,2.73%,-0.88%,4.17%,-4.93%,1.85%,-1.21%,1.90%,-0.34%,0.00%,4.36%,0.58%,0.41%,0.24%,2.68%,0.51%,0.25%,0.65%,0.29%,,,,,,,,,,,,,,,,,,,,,,,,,,,,,,,,,,,,,,,,,,,,,,,,,,,,,,
4/30/2010,1.86%,-1.68%,0.22%,-0.58%,3.15%,-0.69%,-2.34%,0.97%,0.00%,4.55%,0.61%,0.51%,0.24%,2.73%,0.55%,0.25%,0.68%,0.35%,,,,,,,,,,,,,,,,,,,,,,,,,,,,,,,,,,,,,,,,,,,,,,,,,,,,,,
5/31/2010,-9.53%,-7.75%,-3.53%,3.30%,-7.36%,-7.44%,-6.73%,-5.08%,0.00%,4.83%,0.63%,0.60%,0.25%,3.01%,0.65%,0.11%,0.71%,0.54%,,,,,,,,,,,,,,,,,,,,,,,,,,,,,,,,,,,,,,,,,,,,,,,,,,,,,,
6/30/2010,0.99%,-0.23%,-1.23%,2.80%,2.07%,0.64%,7.04%,2.94%,0.00%,4.88%,0.71%,0.84%,0.24%,3.17%,0.79%,0.11%,0.73%,0.53%,,,,,,,,,,,,,,,,,,,,,,,,,,,,,,,,,,,,,,,,,,,,,,,,,,,,,,
7/30/2010,7.55%,6.34%,3.16%,2.00%,5.54%,7.50%,2.96%,4.67%,0.00%,4.88%,0.83%,0.99%,0.24%,3.27%,0.93%,0.17%,0.75%,0.45%,,,,,,,,,,,,,,,,,,,,,,,,,,,,,,,,,,,,,,,,,,,,,,,,,,,,,,
8/31/2010,-1.31%,-2.42%,-3.35%,3.15%,-3.00%,-1.85%,3.13%,-1.82%,0.00%,4.85%,0.83%,1.01%,0.23%,3.24%,1.06%,0.17%,0.73%,0.30%,,,,,,,,,,,,,,,,,,,,,,,,,,,,,,,,,,,,,,,,,,,,,,,,,,,,,,
9/30/2010,9.14%,7.38%,4.01%,0.51%,5.24%,9.45%,3.77%,2.56%,0.00%,4.87%,0.85%,1.25%,0.22%,3.19%,1.28%,0.18%,0.73%,0.29%,,,,,,,,,,,,,,,,,,,,,,,,,,,,,,,,,,,,,,,,,,,,,,,,,,,,,,
10/29/2010,1.62%,1.75%,0.87%,3.69%,4.23%,0.41%,-0.70%,1.42%,0.00%,4.75%,0.99%,1.22%,0.20%,3.20%,1.54%,0.17%,0.74%,0.29%,,,,,,,,,,,,,,,,,,,,,,,,,,,,,,,,,,,,,,,,,,,,,,,,,,,,,,
11/30/2010,-1.77%,-6.19%,-0.75%,-3.78%,-2.47%,-4.62%,-1.60%,-2.90%,0.00%,4.90%,0.97%,1.22%,0.19%,3.19%,1.69%,0.17%,0.74%,0.30%,,,,,,,,,,,,,,,,,,,,,,,,,,,,,,,,,,,,,,,,,,,,,,,,,,,,,,
12/31/2010,6.54%,2.95%,2.86%,2.93%,4.54%,5.22%,7.14%,0.37%,0.00%,4.95%,0.94%,1.23%,0.19%,3.20%,1.95%,0.17%,0.76%,0.30%,,,,,,,,,,,,,,,,,,,,,,,,,,,,,,,,,,,,,,,,,,,,,,,,,,,,,,
1/31/2011,-1.90%,2.35%,0.00%,-1.04%,-0.44%,3.99%,-0.89%,2.40%,0.00%,4.94%,1.02%,1.22%,0.19%,3.21%,2.08%,0.17%,0.78%,0.30%,,,,,,,,,,,,,,,,,,,,,,,,,,,,,,,,,,,,,,,,,,,,,,,,,,,,,,
2/28/2011,2.57%,0.89%,2.58%,0.20%,-2.30%,2.36%,1.20%,1.87%,0.00%,4.95%,1.05%,1.21%,0.19%,2.88%,2.33%,0.17%,0.80%,0.31%,,,,,,,,,,,,,,,,,,,,,,,,,,,,,,,,,,,,,,,,,,,,,,,,,,,,,,
3/31/2011,2.05%,2.55%,0.44%,-1.20%,1.67%,0.19%,1.60%,-1.19%,0.00%,4.90%,1.18%,1.20%,0.20%,2.63%,2.39%,0.18%,0.82%,0.30%,,,,,,,,,,,,,,,,,,,,,,,,,,,,,,,,,,,,,,,,,,,,,,,,,,,,,,
4/29/2011,6.21%,4.62%,2.35%,2.02%,6.01%,4.76%,5.21%,3.99%,0.00%,4.93%,1.35%,1.20%,0.20%,2.68%,2.45%,0.19%,0.82%,0.27%,,,,,,,,,,,,,,,,,,,,,,,,,,,,,,,,,,,,,,,,,,,,,,,,,,,,,,
5/31/2011,-2.26%,-3.00%,-1.98%,-0.09%,2.09%,-2.31%,1.77%,-1.25%,0.00%,4.96%,1.38%,1.20%,0.20%,2.69%,2.45%,0.18%,0.83%,0.25%,,,,,,,,,,,,,,,,,,,,,,,,,,,,,,,,,,,,,,,,,,,,,,,,,,,,,,
6/30/2011,0.92%,0.94%,0.41%,0.59%,0.67%,-1.91%,1.32%,-2.43%,0.00%,4.89%,1.49%,1.17%,0.20%,2.66%,2.49%,0.18%,0.83%,0.25%,,,,,,,,,,,,,,,,,,,,,,,,,,,,,,,,,,,,,,,,,,,,,,,,,,,,,,
7/29/2011,2.92%,-0.78%,1.30%,4.63%,5.95%,0.23%,6.87%,2.28%,0.00%,4.91%,1.56%,1.18%,0.20%,2.92%,2.58%,0.18%,0.83%,0.26%,,,,,,,,,,,,,,,,,,,,,,,,,,,,,,,,,,,,,,,,,,,,,,,,,,,,,,
8/31/2011,-2.09%,0.27%,-2.44%,0.90%,-2.04%,-0.12%,-2.28%,-0.83%,0.00%,4.85%,1.48%,1.15%,0.19%,2.94%,2.58%,0.01%,0.89%,0.33%,,,,,,,,,,,,,,,,,,,,,,,,,,,,,,,,,,,,,,,,,,,,,,,,,,,,,,
9/30/2011,-8.92%,-6.74%,-6.06%,-0.79%,-10.24%,-7.77%,-11.32%,-4.27%,0.00%,4.84%,1.50%,1.20%,0.19%,2.87%,2.51%,0.02%,0.95%,0.37%,,,,,,,,,,,,,,,,,,,,,,,,,,,,,,,,,,,,,,,,,,,,,,,,,,,,,,
10/31/2011,9.56%,3.95%,4.97%,-1.18%,6.31%,6.33%,4.16%,3.67%,0.00%,4.82%,1.53%,1.27%,0.20%,2.72%,2.56%,0.04%,0.99%,0.43%,,,,,,,,,,,,,,,,,,,,,,,,,,,,,,,,,,,,,,,,,,,,,,,,,,,,,,
11/30/2011,-3.31%,-3.62%,-2.64%,0.41%,-4.36%,-4.48%,-4.69%,-2.93%,0.00%,4.70%,1.41%,1.32%,0.20%,2.73%,2.67%,0.05%,1.04%,0.53%,,,,,,,,,,,,,,,,,,,,,,,,,,,,,,,,,,,,,,,,,,,,,,,,,,,,,,
12/30/2011,-0.57%,-3.73%,-0.40%,0.33%,-0.44%,-1.56%,-3.03%,-1.26%,0.00%,4.65%,1.29%,1.35%,0.20%,2.74%,2.64%,0.05%,1.08%,0.58%,,,,,,,,,,,,,,,,,,,,,,,,,,,,,,,,,,,,,,,,,,,,,,,,,,,,,,
1/31/2012,4.87%,1.17%,2.13%,1.17%,6.97%,1.55%,2.19%,1.58%,0.00%,4.65%,1.06%,1.39%,0.20%,2.72%,2.57%,0.07%,1.08%,0.54%,,,,,,,,,,,,,,,,,,,,,,,,,,,,,,,,,,,,,,,,,,,,,,,,,,,,,,
2/29/2012,2.11%,2.39%,1.17%,-5.30%,2.48%,3.65%,2.30%,1.24%,0.00%,4.69%,0.90%,1.38%,0.20%,2.75%,2.35%,0.09%,1.06%,0.48%,,,,,,,,,,,,,,,,,,,,,,,,,,,,,,,,,,,,,,,,,,,,,,,,,,,,,,
3/30/2012,-4.06%,-0.85%,-0.89%,-2.23%,-2.84%,-1.23%,-0.77%,0.08%,0.00%,4.69%,0.68%,1.36%,0.20%,2.74%,2.27%,0.11%,1.03%,0.47%,,,,,,,,,,,,,,,,,,,,,,,,,,,,,,,,,,,,,,,,,,,,,,,,,,,,,,
4/30/2012,0.83%,-0.88%,1.03%,2.89%,0.01%,-1.55%,-0.70%,1.69%,0.00%,4.60%,0.64%,1.36%,0.20%,2.69%,2.17%,0.11%,1.01%,0.47%,,,,,,,,,,,,,,,,,,,,,,,,,,,,,,,,,,,,,,,,,,,,,,,,,,,,,,
5/31/2012,-6.36%,-6.39%,-4.13%,1.74%,-7.82%,-6.93%,-6.35%,-4.92%,0.00%,4.11%,0.59%,1.31%,0.20%,2.51%,2.13%,0.10%,0.99%,0.47%,,,,,,,,,,,,,,,,,,,,,,,,,,,,,,,,,,,,,,,,,,,,,,,,,,,,,,
6/29/2012,5.60%,2.29%,1.21%,-1.32%,6.68%,4.95%,2.14%,1.55%,0.00%,4.00%,0.56%,1.31%,0.20%,2.68%,2.14%,0.09%,0.90%,0.46%,,,,,,,,,,,,,,,,,,,,,,,,,,,,,,,,,,,,,,,,,,,,,,,,,,,,,,
7/31/2012,2.96%,-3.00%,1.70%,1.59%,1.08%,1.82%,-3.01%,-0.26%,0.00%,3.99%,0.26%,1.30%,0.20%,2.66%,2.09%,0.06%,0.74%,0.44%,,,,,,,,,,,,,,,,,,,,,,,,,,,,,,,,,,,,,,,,,,,,,,,,,,,,,,
8/31/2012,-1.51%,2.47%,1.60%,-0.19%,-0.62%,3.07%,2.49%,1.45%,0.00%,3.98%,0.17%,1.29%,0.19%,2.66%,1.93%,0.05%,0.68%,0.42%,,,,,,,,,,,,,,,,,,,,,,,,,,,,,,,,,,,,,,,,,,,,,,,,,,,,,,
9/28/2012,0.93%,2.33%,0.50%,0.78%,3.50%,1.07%,1.58%,1.79%,0.00%,3.87%,0.15%,1.27%,0.19%,2.67%,1.59%,0.04%,0.60%,0.36%,,,,,,,,,,,,,,,,,,,,,,,,,,,,,,,,,,,,,,,,,,,,,,,,,,,,,,
10/31/2012,0.12%,0.55%,-1.63%,-2.61%,-0.83%,-1.33%,0.69%,-0.26%,0.00%,3.50%,0.13%,1.24%,0.19%,2.64%,1.49%,0.03%,0.53%,0.31%,,,,,,,,,,,,,,,,,,,,,,,,,,,,,,,,,,,,,,,,,,,,,,,,,,,,,,
11/30/2012,0.77%,0.17%,0.71%,-3.29%,0.10%,-0.21%,0.34%,-0.59%,0.00%,3.43%,0.13%,1.24%,0.19%,2.64%,1.43%,0.03%,0.52%,0.31%,,,,,,,,,,,,,,,,,,,,,,,,,,,,,,,,,,,,,,,,,,,,,,,,,,,,,,
12/31/2012,-0.13%,1.69%,-0.06%,-4.52%,0.64%,2.61%,1.53%,1.52%,0.00%,3.24%,0.13%,1.24%,0.18%,2.65%,1.29%,0.01%,0.52%,0.31%,,,,,,,,,,,,,,,,,,,,,,,,,,,,,,,,,,,,,,,,,,,,,,,,,,,,,,
1/31/2013,0.57%,2.62%,-0.47%,-5.34%,1.97%,2.30%,0.03%,-2.73%,0.00%,3.18%,0.15%,1.21%,0.17%,2.68%,1.18%,0.02%,0.51%,0.30%,,,,,,,,,,,,,,,,,,,,,,,,,,,,,,,,,,,,,,,,,,,,,,,,,,,,,,
2/28/2013,-1.42%,-3.47%,-2.51%,-1.25%,-0.77%,-1.27%,-2.17%,-4.01%,0.00%,3.17%,0.13%,1.19%,0.16%,2.66%,1.22%,0.02%,0.51%,0.29%,,,,,,,,,,,,,,,,,,,,,,,,,,,,,,,,,,,,,,,,,,,,,,,,,,,,,,
3/29/2013,1.85%,-2.17%,1.01%,-1.92%,1.02%,-1.16%,-1.79%,0.21%,0.00%,3.18%,0.13%,1.18%,0.16%,2.65%,1.24%,0.02%,0.51%,0.28%,,,,,,,,,,,,,,,,,,,,,,,,,,,,,,,,,,,,,,,,,,,,,,,,,,,,,,
4/30/2013,-0.51%,2.50%,0.79%,-3.52%,2.57%,0.57%,1.83%,2.06%,0.00%,3.14%,0.12%,1.17%,0.16%,2.66%,1.23%,0.02%,0.50%,0.27%,,,,,,,,,,,,,,,,,,,,,,,,,,,,,,,,,,,,,,,,,,,,,,,,,,,,,,
5/31/2013,-7.25%,-1.33%,-2.38%,-3.41%,-6.88%,-1.96%,-2.83%,-2.17%,0.00%,2.96%,0.12%,1.17%,0.15%,2.66%,1.20%,0.02%,0.51%,0.28%,,,,,,,,,,,,,,,,,,,,,,,,,,,,,,,,,,,,,,,,,,,,,,,,,,,,,,
6/28/2013,-4.03%,0.41%,-1.48%,1.92%,-2.75%,-1.75%,1.41%,0.32%,0.00%,2.96%,0.15%,1.17%,0.16%,2.66%,1.21%,0.02%,0.51%,0.27%,,,,,,,,,,,,,,,,,,,,,,,,,,,,,,,,,,,,,,,,,,,,,,,,,,,,,,
7/31/2013,-1.99%,1.45%,2.04%,0.69%,2.93%,2.43%,1.12%,-0.51%,0.00%,2.96%,0.15%,1.17%,0.16%,2.65%,1.19%,0.02%,0.51%,0.27%,,,,,,,,,,,,,,,,,,,,,,,,,,,,,,,,,,,,,,,,,,,,,,,,,,,,,,
8/30/2013,-0.17%,-0.06%,-1.98%,0.06%,-2.08%,-0.54%,0.21%,2.28%,0.00%,2.96%,0.15%,1.17%,0.15%,2.66%,1.22%,0.02%,0.52%,0.26%,,,,,,,,,,,,,,,,,,,,,,,,,,,,,,,,,,,,,,,,,,,,,,,,,,,,,,
9/30/2013,4.93%,2.39%,2.46%,0.60%,7.21%,3.51%,2.95%,4.34%,0.00%,2.96%,0.16%,1.17%,0.15%,2.69%,1.21%,0.02%,0.52%,0.25%,,,,,,,,,,,,,,,,,,,,,,,,,,,,,,,,,,,,,,,,,,,,,,,,,,,,,,
10/31/2013,1.76%,0.63%,-1.38%,-0.61%,0.04%,-0.66%,-0.10%,-0.55%,0.00%,2.58%,0.18%,1.28%,0.14%,2.69%,1.21%,0.02%,0.51%,0.24%,,,,,,,,,,,,,,,,,,,,,,,,,,,,,,,,,,,,,,,,,,,,,,,,,,,,,,
11/29/2013,-3.77%,-0.15%,-1.26%,-3.92%,-1.24%,-1.30%,0.11%,1.74%,0.00%,2.58%,0.19%,1.28%,0.14%,2.70%,1.08%,0.02%,0.52%,0.24%,,,,,,,,,,,,,,,,,,,,,,,,,,,,,,,,,,,,,,,,,,,,,,,,,,,,,,
12/31/2013,-1.59%,1.31%,-0.33%,-2.54%,1.05%,1.81%,1.44%,1.36%,0.00%,2.60%,0.27%,1.28%,0.15%,2.84%,0.94%,0.02%,0.53%,0.25%,,,,,,,,,,,,,,,,,,,,,,,,,,,,,,,,,,,,,,,,,,,,,,,,,,,,,,
1/31/2014,-2.46%,-2.10%,-5.00%,2.55%,-1.61%,-1.51%,-1.75%,-0.47%,0.00%,2.61%,0.26%,1.27%,0.14%,2.89%,0.95%,0.02%,0.52%,0.24%,,,,,,,,,,,,,,,,,,,,,,,,,,,,,,,,,,,,,,,,,,,,,,,,,,,,,,
2/28/2014,2.68%,2.27%,1.06%,0.05%,4.19%,1.85%,2.74%,1.46%,0.00%,2.62%,0.26%,1.26%,0.14%,2.97%,0.93%,0.02%,0.52%,0.24%,,,,,,,,,,,,,,,,,,,,,,,,,,,,,,,,,,,,,,,,,,,,,,,,,,,,,,
3/31/2014,3.93%,0.00%,0.59%,-1.01%,3.27%,-0.96%,-0.23%,-0.39%,0.00%,2.65%,0.28%,1.27%,0.14%,3.15%,0.92%,0.02%,0.52%,0.23%,,,,,,,,,,,,,,,,,,,,,,,,,,,,,,,,,,,,,,,,,,,,,,,,,,,,,,
4/30/2014,0.18%,0.45%,0.53%,0.93%,-0.79%,-0.67%,0.36%,1.36%,0.00%,2.67%,0.31%,1.27%,0.14%,3.34%,0.91%,0.02%,0.53%,0.22%,,,,,,,,,,,,,,,,,,,,,,,,,,,,,,,,,,,,,,,,,,,,,,,,,,,,,,
5/30/2014,0.56%,-1.69%,1.24%,0.47%,-0.81%,-2.01%,-1.78%,-0.63%,0.00%,2.69%,0.29%,1.27%,0.14%,3.42%,0.90%,0.01%,0.53%,0.23%,,,,,,,,,,,,,,,,,,,,,,,,,,,,,,,,,,,,,,,,,,,,,,,,,,,,,,
6/30/2014,1.39%,0.32%,1.64%,0.37%,3.41%,-0.47%,0.76%,1.87%,0.00%,2.68%,0.18%,1.27%,0.13%,3.65%,0.75%,0.01%,0.55%,0.23%,,,,,,,,,,,,,,,,,,,,,,,,,,,,,,,,,,,,,,,,,,,,,,,,,,,,,,
7/31/2014,-0.90%,-2.02%,-2.03%,-1.44%,-2.70%,-2.68%,-2.16%,-1.01%,0.00%,2.64%,0.18%,1.27%,0.13%,3.71%,0.51%,0.02%,0.56%,0.24%,,,,,,,,,,,,,,,,,,,,,,,,,,,,,,,,,,,,,,,,,,,,,,,,,,,,,,
8/29/2014,0.63%,-1.61%,0.66%,-1.08%,-1.03%,-0.84%,-0.76%,-1.72%,0.00%,2.63%,0.13%,1.27%,0.13%,3.69%,0.50%,0.02%,0.56%,0.23%,,,,,,,,,,,,,,,,,,,,,,,,,,,,,,,,,,,,,,,,,,,,,,,,,,,,,,
9/30/2014,-6.07%,-4.13%,-2.86%,-5.22%,-6.64%,-3.52%,-4.22%,-2.21%,0.00%,2.69%,0.06%,1.27%,0.12%,3.71%,0.47%,0.01%,0.57%,0.24%,,,,,,,,,,,,,,,,,,,,,,,,,,,,,,,,,,,,,,,,,,,,,,,,,,,,,,
